sample,flnc,pbi
HG00097,/vast/palmer/pi/hall/wl474/projects/hprc_r2/isoform_analysis/preprocess_flnc_bams/results/HG00097.flnc.bam,/vast/palmer/pi/hall/wl474/projects/hprc_r2/isoform_analysis/preprocess_flnc_bams/results/HG00097.flnc.bam.pbi
HG00099,/vast/palmer/pi/hall/wl474/projects/hprc_r2/isoform_analysis/preprocess_flnc_bams/results/HG00099.flnc.bam,/vast/palmer/pi/hall/wl474/projects/hprc_r2/isoform_analysis/preprocess_flnc_bams/results/HG00099.flnc.bam.pbi
HG00126,/vast/palmer/pi/hall/wl474/projects/hprc_r2/isoform_analysis/preprocess_flnc_bams/results/HG00126.flnc.bam,/vast/palmer/pi/hall/wl474/projects/hprc_r2/isoform_analysis/preprocess_flnc_bams/results/HG00126.flnc.bam.pbi
HG00128,/vast/palmer/pi/hall/wl474/projects/hprc_r2/isoform_analysis/preprocess_flnc_bams/results/HG00128.flnc.bam,/vast/palmer/pi/hall/wl474/projects/hprc_r2/isoform_analysis/preprocess_flnc_bams/results/HG00128.flnc.bam.pbi
HG00133,/vast/palmer/pi/hall/wl474/projects/hprc_r2/isoform_analysis/preprocess_flnc_bams/results/HG00133.flnc.bam,/vast/palmer/pi/hall/wl474/projects/hprc_r2/isoform_analysis/preprocess_flnc_bams/results/HG00133.flnc.bam.pbi
HG00140,/vast/palmer/pi/hall/wl474/projects/hprc_r2/isoform_analysis/preprocess_flnc_bams/results/HG00140.flnc.bam,/vast/palmer/pi/hall/wl474/projects/hprc_r2/isoform_analysis/preprocess_flnc_bams/results/HG00140.flnc.bam.pbi
HG00146,/vast/palmer/pi/hall/wl474/projects/hprc_r2/isoform_analysis/preprocess_flnc_bams/results/HG00146.flnc.bam,/vast/palmer/pi/hall/wl474/projects/hprc_r2/isoform_analysis/preprocess_flnc_bams/results/HG00146.flnc.bam.pbi
HG00232,/vast/palmer/pi/hall/wl474/projects/hprc_r2/isoform_analysis/preprocess_flnc_bams/results/HG00232.flnc.bam,/vast/palmer/pi/hall/wl474/projects/hprc_r2/isoform_analysis/preprocess_flnc_bams/results/HG00232.flnc.bam.pbi
HG00235,/vast/palmer/pi/hall/wl474/projects/hprc_r2/isoform_analysis/preprocess_flnc_bams/results/HG00235.flnc.bam,/vast/palmer/pi/hall/wl474/projects/hprc_r2/isoform_analysis/preprocess_flnc_bams/results/HG00235.flnc.bam.pbi
HG00253,/vast/palmer/pi/hall/wl474/projects/hprc_r2/isoform_analysis/preprocess_flnc_bams/results/HG00253.flnc.bam,/vast/palmer/pi/hall/wl474/projects/hprc_r2/isoform_analysis/preprocess_flnc_bams/results/HG00253.flnc.bam.pbi
HG00272,/vast/palmer/pi/hall/wl474/projects/hprc_r2/isoform_analysis/preprocess_flnc_bams/results/HG00272.flnc.bam,/vast/palmer/pi/hall/wl474/projects/hprc_r2/isoform_analysis/preprocess_flnc_bams/results/HG00272.flnc.bam.pbi
HG00280,/vast/palmer/pi/hall/wl474/projects/hprc_r2/isoform_analysis/preprocess_flnc_bams/results/HG00280.flnc.bam,/vast/palmer/pi/hall/wl474/projects/hprc_r2/isoform_analysis/preprocess_flnc_bams/results/HG00280.flnc.bam.pbi
HG00290,/vast/palmer/pi/hall/wl474/projects/hprc_r2/isoform_analysis/preprocess_flnc_bams/results/HG00290.flnc.bam,/vast/palmer/pi/hall/wl474/projects/hprc_r2/isoform_analysis/preprocess_flnc_bams/results/HG00290.flnc.bam.pbi
HG00320,/vast/palmer/pi/hall/wl474/projects/hprc_r2/isoform_analysis/preprocess_flnc_bams/results/HG00320.flnc.bam,/vast/palmer/pi/hall/wl474/projects/hprc_r2/isoform_analysis/preprocess_flnc_bams/results/HG00320.flnc.bam.pbi
HG00321,/vast/palmer/pi/hall/wl474/projects/hprc_r2/isoform_analysis/preprocess_flnc_bams/results/HG00321.flnc.bam,/vast/palmer/pi/hall/wl474/projects/hprc_r2/isoform_analysis/preprocess_flnc_bams/results/HG00321.flnc.bam.pbi
HG00323,/vast/palmer/pi/hall/wl474/projects/hprc_r2/isoform_analysis/preprocess_flnc_bams/results/HG00323.flnc.bam,/vast/palmer/pi/hall/wl474/projects/hprc_r2/isoform_analysis/preprocess_flnc_bams/results/HG00323.flnc.bam.pbi
HG00329,/vast/palmer/pi/hall/wl474/projects/hprc_r2/isoform_analysis/preprocess_flnc_bams/results/HG00329.flnc.bam,/vast/palmer/pi/hall/wl474/projects/hprc_r2/isoform_analysis/preprocess_flnc_bams/results/HG00329.flnc.bam.pbi
HG00344,/vast/palmer/pi/hall/wl474/projects/hprc_r2/isoform_analysis/preprocess_flnc_bams/results/HG00344.flnc.bam,/vast/palmer/pi/hall/wl474/projects/hprc_r2/isoform_analysis/preprocess_flnc_bams/results/HG00344.flnc.bam.pbi
HG00350,/vast/palmer/pi/hall/wl474/projects/hprc_r2/isoform_analysis/preprocess_flnc_bams/results/HG00350.flnc.bam,/vast/palmer/pi/hall/wl474/projects/hprc_r2/isoform_analysis/preprocess_flnc_bams/results/HG00350.flnc.bam.pbi
HG00408,/vast/palmer/pi/hall/wl474/projects/hprc_r2/isoform_analysis/preprocess_flnc_bams/results/HG00408.flnc.bam,/vast/palmer/pi/hall/wl474/projects/hprc_r2/isoform_analysis/preprocess_flnc_bams/results/HG00408.flnc.bam.pbi
HG00423,/vast/palmer/pi/hall/wl474/projects/hprc_r2/isoform_analysis/preprocess_flnc_bams/results/HG00423.flnc.bam,/vast/palmer/pi/hall/wl474/projects/hprc_r2/isoform_analysis/preprocess_flnc_bams/results/HG00423.flnc.bam.pbi
HG00438,/vast/palmer/pi/hall/wl474/projects/hprc_r2/isoform_analysis/preprocess_flnc_bams/results/HG00438.flnc.bam,/vast/palmer/pi/hall/wl474/projects/hprc_r2/isoform_analysis/preprocess_flnc_bams/results/HG00438.flnc.bam.pbi
HG00544,/vast/palmer/pi/hall/wl474/projects/hprc_r2/isoform_analysis/preprocess_flnc_bams/results/HG00544.flnc.bam,/vast/palmer/pi/hall/wl474/projects/hprc_r2/isoform_analysis/preprocess_flnc_bams/results/HG00544.flnc.bam.pbi
HG00558,/vast/palmer/pi/hall/wl474/projects/hprc_r2/isoform_analysis/preprocess_flnc_bams/results/HG00558.flnc.bam,/vast/palmer/pi/hall/wl474/projects/hprc_r2/isoform_analysis/preprocess_flnc_bams/results/HG00558.flnc.bam.pbi
HG00597,/vast/palmer/pi/hall/wl474/projects/hprc_r2/isoform_analysis/preprocess_flnc_bams/results/HG00597.flnc.bam,/vast/palmer/pi/hall/wl474/projects/hprc_r2/isoform_analysis/preprocess_flnc_bams/results/HG00597.flnc.bam.pbi
HG00609,/vast/palmer/pi/hall/wl474/projects/hprc_r2/isoform_analysis/preprocess_flnc_bams/results/HG00609.flnc.bam,/vast/palmer/pi/hall/wl474/projects/hprc_r2/isoform_analysis/preprocess_flnc_bams/results/HG00609.flnc.bam.pbi
HG00621,/vast/palmer/pi/hall/wl474/projects/hprc_r2/isoform_analysis/preprocess_flnc_bams/results/HG00621.flnc.bam,/vast/palmer/pi/hall/wl474/projects/hprc_r2/isoform_analysis/preprocess_flnc_bams/results/HG00621.flnc.bam.pbi
HG00639,/vast/palmer/pi/hall/wl474/projects/hprc_r2/isoform_analysis/preprocess_flnc_bams/results/HG00639.flnc.bam,/vast/palmer/pi/hall/wl474/projects/hprc_r2/isoform_analysis/preprocess_flnc_bams/results/HG00639.flnc.bam.pbi
HG00642,/vast/palmer/pi/hall/wl474/projects/hprc_r2/isoform_analysis/preprocess_flnc_bams/results/HG00642.flnc.bam,/vast/palmer/pi/hall/wl474/projects/hprc_r2/isoform_analysis/preprocess_flnc_bams/results/HG00642.flnc.bam.pbi
HG00658,/vast/palmer/pi/hall/wl474/projects/hprc_r2/isoform_analysis/preprocess_flnc_bams/results/HG00658.flnc.bam,/vast/palmer/pi/hall/wl474/projects/hprc_r2/isoform_analysis/preprocess_flnc_bams/results/HG00658.flnc.bam.pbi
HG00673,/vast/palmer/pi/hall/wl474/projects/hprc_r2/isoform_analysis/preprocess_flnc_bams/results/HG00673.flnc.bam,/vast/palmer/pi/hall/wl474/projects/hprc_r2/isoform_analysis/preprocess_flnc_bams/results/HG00673.flnc.bam.pbi
HG00706,/vast/palmer/pi/hall/wl474/projects/hprc_r2/isoform_analysis/preprocess_flnc_bams/results/HG00706.flnc.bam,/vast/palmer/pi/hall/wl474/projects/hprc_r2/isoform_analysis/preprocess_flnc_bams/results/HG00706.flnc.bam.pbi
HG00735,/vast/palmer/pi/hall/wl474/projects/hprc_r2/isoform_analysis/preprocess_flnc_bams/results/HG00735.flnc.bam,/vast/palmer/pi/hall/wl474/projects/hprc_r2/isoform_analysis/preprocess_flnc_bams/results/HG00735.flnc.bam.pbi
HG00738,/vast/palmer/pi/hall/wl474/projects/hprc_r2/isoform_analysis/preprocess_flnc_bams/results/HG00738.flnc.bam,/vast/palmer/pi/hall/wl474/projects/hprc_r2/isoform_analysis/preprocess_flnc_bams/results/HG00738.flnc.bam.pbi
HG00741,/vast/palmer/pi/hall/wl474/projects/hprc_r2/isoform_analysis/preprocess_flnc_bams/results/HG00741.flnc.bam,/vast/palmer/pi/hall/wl474/projects/hprc_r2/isoform_analysis/preprocess_flnc_bams/results/HG00741.flnc.bam.pbi
HG01071,/vast/palmer/pi/hall/wl474/projects/hprc_r2/isoform_analysis/preprocess_flnc_bams/results/HG01071.flnc.bam,/vast/palmer/pi/hall/wl474/projects/hprc_r2/isoform_analysis/preprocess_flnc_bams/results/HG01071.flnc.bam.pbi
HG01074,/vast/palmer/pi/hall/wl474/projects/hprc_r2/isoform_analysis/preprocess_flnc_bams/results/HG01074.flnc.bam,/vast/palmer/pi/hall/wl474/projects/hprc_r2/isoform_analysis/preprocess_flnc_bams/results/HG01074.flnc.bam.pbi
HG01081,/vast/palmer/pi/hall/wl474/projects/hprc_r2/isoform_analysis/preprocess_flnc_bams/results/HG01081.flnc.bam,/vast/palmer/pi/hall/wl474/projects/hprc_r2/isoform_analysis/preprocess_flnc_bams/results/HG01081.flnc.bam.pbi
HG01099,/vast/palmer/pi/hall/wl474/projects/hprc_r2/isoform_analysis/preprocess_flnc_bams/results/HG01099.flnc.bam,/vast/palmer/pi/hall/wl474/projects/hprc_r2/isoform_analysis/preprocess_flnc_bams/results/HG01099.flnc.bam.pbi
HG01106,/vast/palmer/pi/hall/wl474/projects/hprc_r2/isoform_analysis/preprocess_flnc_bams/results/HG01106.flnc.bam,/vast/palmer/pi/hall/wl474/projects/hprc_r2/isoform_analysis/preprocess_flnc_bams/results/HG01106.flnc.bam.pbi
HG01150,/vast/palmer/pi/hall/wl474/projects/hprc_r2/isoform_analysis/preprocess_flnc_bams/results/HG01150.flnc.bam,/vast/palmer/pi/hall/wl474/projects/hprc_r2/isoform_analysis/preprocess_flnc_bams/results/HG01150.flnc.bam.pbi
HG01167,/vast/palmer/pi/hall/wl474/projects/hprc_r2/isoform_analysis/preprocess_flnc_bams/results/HG01167.flnc.bam,/vast/palmer/pi/hall/wl474/projects/hprc_r2/isoform_analysis/preprocess_flnc_bams/results/HG01167.flnc.bam.pbi
HG01175,/vast/palmer/pi/hall/wl474/projects/hprc_r2/isoform_analysis/preprocess_flnc_bams/results/HG01175.flnc.bam,/vast/palmer/pi/hall/wl474/projects/hprc_r2/isoform_analysis/preprocess_flnc_bams/results/HG01175.flnc.bam.pbi
HG01192,/vast/palmer/pi/hall/wl474/projects/hprc_r2/isoform_analysis/preprocess_flnc_bams/results/HG01192.flnc.bam,/vast/palmer/pi/hall/wl474/projects/hprc_r2/isoform_analysis/preprocess_flnc_bams/results/HG01192.flnc.bam.pbi
HG01252,/vast/palmer/pi/hall/wl474/projects/hprc_r2/isoform_analysis/preprocess_flnc_bams/results/HG01252.flnc.bam,/vast/palmer/pi/hall/wl474/projects/hprc_r2/isoform_analysis/preprocess_flnc_bams/results/HG01252.flnc.bam.pbi
HG01255,/vast/palmer/pi/hall/wl474/projects/hprc_r2/isoform_analysis/preprocess_flnc_bams/results/HG01255.flnc.bam,/vast/palmer/pi/hall/wl474/projects/hprc_r2/isoform_analysis/preprocess_flnc_bams/results/HG01255.flnc.bam.pbi
HG01258,/vast/palmer/pi/hall/wl474/projects/hprc_r2/isoform_analysis/preprocess_flnc_bams/results/HG01258.flnc.bam,/vast/palmer/pi/hall/wl474/projects/hprc_r2/isoform_analysis/preprocess_flnc_bams/results/HG01258.flnc.bam.pbi
HG01261,/vast/palmer/pi/hall/wl474/projects/hprc_r2/isoform_analysis/preprocess_flnc_bams/results/HG01261.flnc.bam,/vast/palmer/pi/hall/wl474/projects/hprc_r2/isoform_analysis/preprocess_flnc_bams/results/HG01261.flnc.bam.pbi
HG01346,/vast/palmer/pi/hall/wl474/projects/hprc_r2/isoform_analysis/preprocess_flnc_bams/results/HG01346.flnc.bam,/vast/palmer/pi/hall/wl474/projects/hprc_r2/isoform_analysis/preprocess_flnc_bams/results/HG01346.flnc.bam.pbi
HG01358,/vast/palmer/pi/hall/wl474/projects/hprc_r2/isoform_analysis/preprocess_flnc_bams/results/HG01358.flnc.bam,/vast/palmer/pi/hall/wl474/projects/hprc_r2/isoform_analysis/preprocess_flnc_bams/results/HG01358.flnc.bam.pbi
HG01361,/vast/palmer/pi/hall/wl474/projects/hprc_r2/isoform_analysis/preprocess_flnc_bams/results/HG01361.flnc.bam,/vast/palmer/pi/hall/wl474/projects/hprc_r2/isoform_analysis/preprocess_flnc_bams/results/HG01361.flnc.bam.pbi
HG01433,/vast/palmer/pi/hall/wl474/projects/hprc_r2/isoform_analysis/preprocess_flnc_bams/results/HG01433.flnc.bam,/vast/palmer/pi/hall/wl474/projects/hprc_r2/isoform_analysis/preprocess_flnc_bams/results/HG01433.flnc.bam.pbi
HG01496,/vast/palmer/pi/hall/wl474/projects/hprc_r2/isoform_analysis/preprocess_flnc_bams/results/HG01496.flnc.bam,/vast/palmer/pi/hall/wl474/projects/hprc_r2/isoform_analysis/preprocess_flnc_bams/results/HG01496.flnc.bam.pbi
HG01530,/vast/palmer/pi/hall/wl474/projects/hprc_r2/isoform_analysis/preprocess_flnc_bams/results/HG01530.flnc.bam,/vast/palmer/pi/hall/wl474/projects/hprc_r2/isoform_analysis/preprocess_flnc_bams/results/HG01530.flnc.bam.pbi
HG01784,/vast/palmer/pi/hall/wl474/projects/hprc_r2/isoform_analysis/preprocess_flnc_bams/results/HG01784.flnc.bam,/vast/palmer/pi/hall/wl474/projects/hprc_r2/isoform_analysis/preprocess_flnc_bams/results/HG01784.flnc.bam.pbi
HG01786,/vast/palmer/pi/hall/wl474/projects/hprc_r2/isoform_analysis/preprocess_flnc_bams/results/HG01786.flnc.bam,/vast/palmer/pi/hall/wl474/projects/hprc_r2/isoform_analysis/preprocess_flnc_bams/results/HG01786.flnc.bam.pbi
HG01884,/vast/palmer/pi/hall/wl474/projects/hprc_r2/isoform_analysis/preprocess_flnc_bams/results/HG01884.flnc.bam,/vast/palmer/pi/hall/wl474/projects/hprc_r2/isoform_analysis/preprocess_flnc_bams/results/HG01884.flnc.bam.pbi
HG01891,/vast/palmer/pi/hall/wl474/projects/hprc_r2/isoform_analysis/preprocess_flnc_bams/results/HG01891.flnc.bam,/vast/palmer/pi/hall/wl474/projects/hprc_r2/isoform_analysis/preprocess_flnc_bams/results/HG01891.flnc.bam.pbi
HG01928,/vast/palmer/pi/hall/wl474/projects/hprc_r2/isoform_analysis/preprocess_flnc_bams/results/HG01928.flnc.bam,/vast/palmer/pi/hall/wl474/projects/hprc_r2/isoform_analysis/preprocess_flnc_bams/results/HG01928.flnc.bam.pbi
HG01934,/vast/palmer/pi/hall/wl474/projects/hprc_r2/isoform_analysis/preprocess_flnc_bams/results/HG01934.flnc.bam,/vast/palmer/pi/hall/wl474/projects/hprc_r2/isoform_analysis/preprocess_flnc_bams/results/HG01934.flnc.bam.pbi
HG01940,/vast/palmer/pi/hall/wl474/projects/hprc_r2/isoform_analysis/preprocess_flnc_bams/results/HG01940.flnc.bam,/vast/palmer/pi/hall/wl474/projects/hprc_r2/isoform_analysis/preprocess_flnc_bams/results/HG01940.flnc.bam.pbi
HG01943,/vast/palmer/pi/hall/wl474/projects/hprc_r2/isoform_analysis/preprocess_flnc_bams/results/HG01943.flnc.bam,/vast/palmer/pi/hall/wl474/projects/hprc_r2/isoform_analysis/preprocess_flnc_bams/results/HG01943.flnc.bam.pbi
HG01952,/vast/palmer/pi/hall/wl474/projects/hprc_r2/isoform_analysis/preprocess_flnc_bams/results/HG01952.flnc.bam,/vast/palmer/pi/hall/wl474/projects/hprc_r2/isoform_analysis/preprocess_flnc_bams/results/HG01952.flnc.bam.pbi
HG01960,/vast/palmer/pi/hall/wl474/projects/hprc_r2/isoform_analysis/preprocess_flnc_bams/results/HG01960.flnc.bam,/vast/palmer/pi/hall/wl474/projects/hprc_r2/isoform_analysis/preprocess_flnc_bams/results/HG01960.flnc.bam.pbi
HG01969,/vast/palmer/pi/hall/wl474/projects/hprc_r2/isoform_analysis/preprocess_flnc_bams/results/HG01969.flnc.bam,/vast/palmer/pi/hall/wl474/projects/hprc_r2/isoform_analysis/preprocess_flnc_bams/results/HG01969.flnc.bam.pbi
HG01975,/vast/palmer/pi/hall/wl474/projects/hprc_r2/isoform_analysis/preprocess_flnc_bams/results/HG01975.flnc.bam,/vast/palmer/pi/hall/wl474/projects/hprc_r2/isoform_analysis/preprocess_flnc_bams/results/HG01975.flnc.bam.pbi
HG01978,/vast/palmer/pi/hall/wl474/projects/hprc_r2/isoform_analysis/preprocess_flnc_bams/results/HG01978.flnc.bam,/vast/palmer/pi/hall/wl474/projects/hprc_r2/isoform_analysis/preprocess_flnc_bams/results/HG01978.flnc.bam.pbi
HG01981,/vast/palmer/pi/hall/wl474/projects/hprc_r2/isoform_analysis/preprocess_flnc_bams/results/HG01981.flnc.bam,/vast/palmer/pi/hall/wl474/projects/hprc_r2/isoform_analysis/preprocess_flnc_bams/results/HG01981.flnc.bam.pbi
HG01993,/vast/palmer/pi/hall/wl474/projects/hprc_r2/isoform_analysis/preprocess_flnc_bams/results/HG01993.flnc.bam,/vast/palmer/pi/hall/wl474/projects/hprc_r2/isoform_analysis/preprocess_flnc_bams/results/HG01993.flnc.bam.pbi
HG02004,/vast/palmer/pi/hall/wl474/projects/hprc_r2/isoform_analysis/preprocess_flnc_bams/results/HG02004.flnc.bam,/vast/palmer/pi/hall/wl474/projects/hprc_r2/isoform_analysis/preprocess_flnc_bams/results/HG02004.flnc.bam.pbi
HG02015,/vast/palmer/pi/hall/wl474/projects/hprc_r2/isoform_analysis/preprocess_flnc_bams/results/HG02015.flnc.bam,/vast/palmer/pi/hall/wl474/projects/hprc_r2/isoform_analysis/preprocess_flnc_bams/results/HG02015.flnc.bam.pbi
HG02027,/vast/palmer/pi/hall/wl474/projects/hprc_r2/isoform_analysis/preprocess_flnc_bams/results/HG02027.flnc.bam,/vast/palmer/pi/hall/wl474/projects/hprc_r2/isoform_analysis/preprocess_flnc_bams/results/HG02027.flnc.bam.pbi
HG02040,/vast/palmer/pi/hall/wl474/projects/hprc_r2/isoform_analysis/preprocess_flnc_bams/results/HG02040.flnc.bam,/vast/palmer/pi/hall/wl474/projects/hprc_r2/isoform_analysis/preprocess_flnc_bams/results/HG02040.flnc.bam.pbi
HG02056,/vast/palmer/pi/hall/wl474/projects/hprc_r2/isoform_analysis/preprocess_flnc_bams/results/HG02056.flnc.bam,/vast/palmer/pi/hall/wl474/projects/hprc_r2/isoform_analysis/preprocess_flnc_bams/results/HG02056.flnc.bam.pbi
HG02071,/vast/palmer/pi/hall/wl474/projects/hprc_r2/isoform_analysis/preprocess_flnc_bams/results/HG02071.flnc.bam,/vast/palmer/pi/hall/wl474/projects/hprc_r2/isoform_analysis/preprocess_flnc_bams/results/HG02071.flnc.bam.pbi
HG02074,/vast/palmer/pi/hall/wl474/projects/hprc_r2/isoform_analysis/preprocess_flnc_bams/results/HG02074.flnc.bam,/vast/palmer/pi/hall/wl474/projects/hprc_r2/isoform_analysis/preprocess_flnc_bams/results/HG02074.flnc.bam.pbi
HG02083,/vast/palmer/pi/hall/wl474/projects/hprc_r2/isoform_analysis/preprocess_flnc_bams/results/HG02083.flnc.bam,/vast/palmer/pi/hall/wl474/projects/hprc_r2/isoform_analysis/preprocess_flnc_bams/results/HG02083.flnc.bam.pbi
HG02129,/vast/palmer/pi/hall/wl474/projects/hprc_r2/isoform_analysis/preprocess_flnc_bams/results/HG02129.flnc.bam,/vast/palmer/pi/hall/wl474/projects/hprc_r2/isoform_analysis/preprocess_flnc_bams/results/HG02129.flnc.bam.pbi
HG02132,/vast/palmer/pi/hall/wl474/projects/hprc_r2/isoform_analysis/preprocess_flnc_bams/results/HG02132.flnc.bam,/vast/palmer/pi/hall/wl474/projects/hprc_r2/isoform_analysis/preprocess_flnc_bams/results/HG02132.flnc.bam.pbi
HG02135,/vast/palmer/pi/hall/wl474/projects/hprc_r2/isoform_analysis/preprocess_flnc_bams/results/HG02135.flnc.bam,/vast/palmer/pi/hall/wl474/projects/hprc_r2/isoform_analysis/preprocess_flnc_bams/results/HG02135.flnc.bam.pbi
HG02148,/vast/palmer/pi/hall/wl474/projects/hprc_r2/isoform_analysis/preprocess_flnc_bams/results/HG02148.flnc.bam,/vast/palmer/pi/hall/wl474/projects/hprc_r2/isoform_analysis/preprocess_flnc_bams/results/HG02148.flnc.bam.pbi
HG02155,/vast/palmer/pi/hall/wl474/projects/hprc_r2/isoform_analysis/preprocess_flnc_bams/results/HG02155.flnc.bam,/vast/palmer/pi/hall/wl474/projects/hprc_r2/isoform_analysis/preprocess_flnc_bams/results/HG02155.flnc.bam.pbi
HG02165,/vast/palmer/pi/hall/wl474/projects/hprc_r2/isoform_analysis/preprocess_flnc_bams/results/HG02165.flnc.bam,/vast/palmer/pi/hall/wl474/projects/hprc_r2/isoform_analysis/preprocess_flnc_bams/results/HG02165.flnc.bam.pbi
HG02178,/vast/palmer/pi/hall/wl474/projects/hprc_r2/isoform_analysis/preprocess_flnc_bams/results/HG02178.flnc.bam,/vast/palmer/pi/hall/wl474/projects/hprc_r2/isoform_analysis/preprocess_flnc_bams/results/HG02178.flnc.bam.pbi
HG02257,/vast/palmer/pi/hall/wl474/projects/hprc_r2/isoform_analysis/preprocess_flnc_bams/results/HG02257.flnc.bam,/vast/palmer/pi/hall/wl474/projects/hprc_r2/isoform_analysis/preprocess_flnc_bams/results/HG02257.flnc.bam.pbi
HG02258,/vast/palmer/pi/hall/wl474/projects/hprc_r2/isoform_analysis/preprocess_flnc_bams/results/HG02258.flnc.bam,/vast/palmer/pi/hall/wl474/projects/hprc_r2/isoform_analysis/preprocess_flnc_bams/results/HG02258.flnc.bam.pbi
HG02273,/vast/palmer/pi/hall/wl474/projects/hprc_r2/isoform_analysis/preprocess_flnc_bams/results/HG02273.flnc.bam,/vast/palmer/pi/hall/wl474/projects/hprc_r2/isoform_analysis/preprocess_flnc_bams/results/HG02273.flnc.bam.pbi
HG02280,/vast/palmer/pi/hall/wl474/projects/hprc_r2/isoform_analysis/preprocess_flnc_bams/results/HG02280.flnc.bam,/vast/palmer/pi/hall/wl474/projects/hprc_r2/isoform_analysis/preprocess_flnc_bams/results/HG02280.flnc.bam.pbi
HG02293,/vast/palmer/pi/hall/wl474/projects/hprc_r2/isoform_analysis/preprocess_flnc_bams/results/HG02293.flnc.bam,/vast/palmer/pi/hall/wl474/projects/hprc_r2/isoform_analysis/preprocess_flnc_bams/results/HG02293.flnc.bam.pbi
HG02300,/vast/palmer/pi/hall/wl474/projects/hprc_r2/isoform_analysis/preprocess_flnc_bams/results/HG02300.flnc.bam,/vast/palmer/pi/hall/wl474/projects/hprc_r2/isoform_analysis/preprocess_flnc_bams/results/HG02300.flnc.bam.pbi
HG02391,/vast/palmer/pi/hall/wl474/projects/hprc_r2/isoform_analysis/preprocess_flnc_bams/results/HG02391.flnc.bam,/vast/palmer/pi/hall/wl474/projects/hprc_r2/isoform_analysis/preprocess_flnc_bams/results/HG02391.flnc.bam.pbi
HG02392,/vast/palmer/pi/hall/wl474/projects/hprc_r2/isoform_analysis/preprocess_flnc_bams/results/HG02392.flnc.bam,/vast/palmer/pi/hall/wl474/projects/hprc_r2/isoform_analysis/preprocess_flnc_bams/results/HG02392.flnc.bam.pbi
HG02451,/vast/palmer/pi/hall/wl474/projects/hprc_r2/isoform_analysis/preprocess_flnc_bams/results/HG02451.flnc.bam,/vast/palmer/pi/hall/wl474/projects/hprc_r2/isoform_analysis/preprocess_flnc_bams/results/HG02451.flnc.bam.pbi
HG02514,/vast/palmer/pi/hall/wl474/projects/hprc_r2/isoform_analysis/preprocess_flnc_bams/results/HG02514.flnc.bam,/vast/palmer/pi/hall/wl474/projects/hprc_r2/isoform_analysis/preprocess_flnc_bams/results/HG02514.flnc.bam.pbi
HG02523,/vast/palmer/pi/hall/wl474/projects/hprc_r2/isoform_analysis/preprocess_flnc_bams/results/HG02523.flnc.bam,/vast/palmer/pi/hall/wl474/projects/hprc_r2/isoform_analysis/preprocess_flnc_bams/results/HG02523.flnc.bam.pbi
HG02572,/vast/palmer/pi/hall/wl474/projects/hprc_r2/isoform_analysis/preprocess_flnc_bams/results/HG02572.flnc.bam,/vast/palmer/pi/hall/wl474/projects/hprc_r2/isoform_analysis/preprocess_flnc_bams/results/HG02572.flnc.bam.pbi
HG02583,/vast/palmer/pi/hall/wl474/projects/hprc_r2/isoform_analysis/preprocess_flnc_bams/results/HG02583.flnc.bam,/vast/palmer/pi/hall/wl474/projects/hprc_r2/isoform_analysis/preprocess_flnc_bams/results/HG02583.flnc.bam.pbi
HG02602,/vast/palmer/pi/hall/wl474/projects/hprc_r2/isoform_analysis/preprocess_flnc_bams/results/HG02602.flnc.bam,/vast/palmer/pi/hall/wl474/projects/hprc_r2/isoform_analysis/preprocess_flnc_bams/results/HG02602.flnc.bam.pbi
HG02615,/vast/palmer/pi/hall/wl474/projects/hprc_r2/isoform_analysis/preprocess_flnc_bams/results/HG02615.flnc.bam,/vast/palmer/pi/hall/wl474/projects/hprc_r2/isoform_analysis/preprocess_flnc_bams/results/HG02615.flnc.bam.pbi
HG02622,/vast/palmer/pi/hall/wl474/projects/hprc_r2/isoform_analysis/preprocess_flnc_bams/results/HG02622.flnc.bam,/vast/palmer/pi/hall/wl474/projects/hprc_r2/isoform_analysis/preprocess_flnc_bams/results/HG02622.flnc.bam.pbi
HG02630,/vast/palmer/pi/hall/wl474/projects/hprc_r2/isoform_analysis/preprocess_flnc_bams/results/HG02630.flnc.bam,/vast/palmer/pi/hall/wl474/projects/hprc_r2/isoform_analysis/preprocess_flnc_bams/results/HG02630.flnc.bam.pbi
HG02647,/vast/palmer/pi/hall/wl474/projects/hprc_r2/isoform_analysis/preprocess_flnc_bams/results/HG02647.flnc.bam,/vast/palmer/pi/hall/wl474/projects/hprc_r2/isoform_analysis/preprocess_flnc_bams/results/HG02647.flnc.bam.pbi
HG02668,/vast/palmer/pi/hall/wl474/projects/hprc_r2/isoform_analysis/preprocess_flnc_bams/results/HG02668.flnc.bam,/vast/palmer/pi/hall/wl474/projects/hprc_r2/isoform_analysis/preprocess_flnc_bams/results/HG02668.flnc.bam.pbi
HG02698,/vast/palmer/pi/hall/wl474/projects/hprc_r2/isoform_analysis/preprocess_flnc_bams/results/HG02698.flnc.bam,/vast/palmer/pi/hall/wl474/projects/hprc_r2/isoform_analysis/preprocess_flnc_bams/results/HG02698.flnc.bam.pbi
HG02717,/vast/palmer/pi/hall/wl474/projects/hprc_r2/isoform_analysis/preprocess_flnc_bams/results/HG02717.flnc.bam,/vast/palmer/pi/hall/wl474/projects/hprc_r2/isoform_analysis/preprocess_flnc_bams/results/HG02717.flnc.bam.pbi
HG02735,/vast/palmer/pi/hall/wl474/projects/hprc_r2/isoform_analysis/preprocess_flnc_bams/results/HG02735.flnc.bam,/vast/palmer/pi/hall/wl474/projects/hprc_r2/isoform_analysis/preprocess_flnc_bams/results/HG02735.flnc.bam.pbi
HG02738,/vast/palmer/pi/hall/wl474/projects/hprc_r2/isoform_analysis/preprocess_flnc_bams/results/HG02738.flnc.bam,/vast/palmer/pi/hall/wl474/projects/hprc_r2/isoform_analysis/preprocess_flnc_bams/results/HG02738.flnc.bam.pbi
HG02809,/vast/palmer/pi/hall/wl474/projects/hprc_r2/isoform_analysis/preprocess_flnc_bams/results/HG02809.flnc.bam,/vast/palmer/pi/hall/wl474/projects/hprc_r2/isoform_analysis/preprocess_flnc_bams/results/HG02809.flnc.bam.pbi
HG02841,/vast/palmer/pi/hall/wl474/projects/hprc_r2/isoform_analysis/preprocess_flnc_bams/results/HG02841.flnc.bam,/vast/palmer/pi/hall/wl474/projects/hprc_r2/isoform_analysis/preprocess_flnc_bams/results/HG02841.flnc.bam.pbi
HG02886,/vast/palmer/pi/hall/wl474/projects/hprc_r2/isoform_analysis/preprocess_flnc_bams/results/HG02886.flnc.bam,/vast/palmer/pi/hall/wl474/projects/hprc_r2/isoform_analysis/preprocess_flnc_bams/results/HG02886.flnc.bam.pbi
HG02922,/vast/palmer/pi/hall/wl474/projects/hprc_r2/isoform_analysis/preprocess_flnc_bams/results/HG02922.flnc.bam,/vast/palmer/pi/hall/wl474/projects/hprc_r2/isoform_analysis/preprocess_flnc_bams/results/HG02922.flnc.bam.pbi
HG02965,/vast/palmer/pi/hall/wl474/projects/hprc_r2/isoform_analysis/preprocess_flnc_bams/results/HG02965.flnc.bam,/vast/palmer/pi/hall/wl474/projects/hprc_r2/isoform_analysis/preprocess_flnc_bams/results/HG02965.flnc.bam.pbi
HG02976,/vast/palmer/pi/hall/wl474/projects/hprc_r2/isoform_analysis/preprocess_flnc_bams/results/HG02976.flnc.bam,/vast/palmer/pi/hall/wl474/projects/hprc_r2/isoform_analysis/preprocess_flnc_bams/results/HG02976.flnc.bam.pbi
HG02984,/vast/palmer/pi/hall/wl474/projects/hprc_r2/isoform_analysis/preprocess_flnc_bams/results/HG02984.flnc.bam,/vast/palmer/pi/hall/wl474/projects/hprc_r2/isoform_analysis/preprocess_flnc_bams/results/HG02984.flnc.bam.pbi
HG03017,/vast/palmer/pi/hall/wl474/projects/hprc_r2/isoform_analysis/preprocess_flnc_bams/results/HG03017.flnc.bam,/vast/palmer/pi/hall/wl474/projects/hprc_r2/isoform_analysis/preprocess_flnc_bams/results/HG03017.flnc.bam.pbi
HG03041,/vast/palmer/pi/hall/wl474/projects/hprc_r2/isoform_analysis/preprocess_flnc_bams/results/HG03041.flnc.bam,/vast/palmer/pi/hall/wl474/projects/hprc_r2/isoform_analysis/preprocess_flnc_bams/results/HG03041.flnc.bam.pbi
HG03050,/vast/palmer/pi/hall/wl474/projects/hprc_r2/isoform_analysis/preprocess_flnc_bams/results/HG03050.flnc.bam,/vast/palmer/pi/hall/wl474/projects/hprc_r2/isoform_analysis/preprocess_flnc_bams/results/HG03050.flnc.bam.pbi
HG03130,/vast/palmer/pi/hall/wl474/projects/hprc_r2/isoform_analysis/preprocess_flnc_bams/results/HG03130.flnc.bam,/vast/palmer/pi/hall/wl474/projects/hprc_r2/isoform_analysis/preprocess_flnc_bams/results/HG03130.flnc.bam.pbi
HG03139,/vast/palmer/pi/hall/wl474/projects/hprc_r2/isoform_analysis/preprocess_flnc_bams/results/HG03139.flnc.bam,/vast/palmer/pi/hall/wl474/projects/hprc_r2/isoform_analysis/preprocess_flnc_bams/results/HG03139.flnc.bam.pbi
HG03195,/vast/palmer/pi/hall/wl474/projects/hprc_r2/isoform_analysis/preprocess_flnc_bams/results/HG03195.flnc.bam,/vast/palmer/pi/hall/wl474/projects/hprc_r2/isoform_analysis/preprocess_flnc_bams/results/HG03195.flnc.bam.pbi
HG03209,/vast/palmer/pi/hall/wl474/projects/hprc_r2/isoform_analysis/preprocess_flnc_bams/results/HG03209.flnc.bam,/vast/palmer/pi/hall/wl474/projects/hprc_r2/isoform_analysis/preprocess_flnc_bams/results/HG03209.flnc.bam.pbi
HG03225,/vast/palmer/pi/hall/wl474/projects/hprc_r2/isoform_analysis/preprocess_flnc_bams/results/HG03225.flnc.bam,/vast/palmer/pi/hall/wl474/projects/hprc_r2/isoform_analysis/preprocess_flnc_bams/results/HG03225.flnc.bam.pbi
HG03239,/vast/palmer/pi/hall/wl474/projects/hprc_r2/isoform_analysis/preprocess_flnc_bams/results/HG03239.flnc.bam,/vast/palmer/pi/hall/wl474/projects/hprc_r2/isoform_analysis/preprocess_flnc_bams/results/HG03239.flnc.bam.pbi
HG03270,/vast/palmer/pi/hall/wl474/projects/hprc_r2/isoform_analysis/preprocess_flnc_bams/results/HG03270.flnc.bam,/vast/palmer/pi/hall/wl474/projects/hprc_r2/isoform_analysis/preprocess_flnc_bams/results/HG03270.flnc.bam.pbi
HG03369,/vast/palmer/pi/hall/wl474/projects/hprc_r2/isoform_analysis/preprocess_flnc_bams/results/HG03369.flnc.bam,/vast/palmer/pi/hall/wl474/projects/hprc_r2/isoform_analysis/preprocess_flnc_bams/results/HG03369.flnc.bam.pbi
HG03453,/vast/palmer/pi/hall/wl474/projects/hprc_r2/isoform_analysis/preprocess_flnc_bams/results/HG03453.flnc.bam,/vast/palmer/pi/hall/wl474/projects/hprc_r2/isoform_analysis/preprocess_flnc_bams/results/HG03453.flnc.bam.pbi
HG03470,/vast/palmer/pi/hall/wl474/projects/hprc_r2/isoform_analysis/preprocess_flnc_bams/results/HG03470.flnc.bam,/vast/palmer/pi/hall/wl474/projects/hprc_r2/isoform_analysis/preprocess_flnc_bams/results/HG03470.flnc.bam.pbi
HG03516,/vast/palmer/pi/hall/wl474/projects/hprc_r2/isoform_analysis/preprocess_flnc_bams/results/HG03516.flnc.bam,/vast/palmer/pi/hall/wl474/projects/hprc_r2/isoform_analysis/preprocess_flnc_bams/results/HG03516.flnc.bam.pbi
HG03521,/vast/palmer/pi/hall/wl474/projects/hprc_r2/isoform_analysis/preprocess_flnc_bams/results/HG03521.flnc.bam,/vast/palmer/pi/hall/wl474/projects/hprc_r2/isoform_analysis/preprocess_flnc_bams/results/HG03521.flnc.bam.pbi
HG03540,/vast/palmer/pi/hall/wl474/projects/hprc_r2/isoform_analysis/preprocess_flnc_bams/results/HG03540.flnc.bam,/vast/palmer/pi/hall/wl474/projects/hprc_r2/isoform_analysis/preprocess_flnc_bams/results/HG03540.flnc.bam.pbi
HG03579,/vast/palmer/pi/hall/wl474/projects/hprc_r2/isoform_analysis/preprocess_flnc_bams/results/HG03579.flnc.bam,/vast/palmer/pi/hall/wl474/projects/hprc_r2/isoform_analysis/preprocess_flnc_bams/results/HG03579.flnc.bam.pbi
HG03583,/vast/palmer/pi/hall/wl474/projects/hprc_r2/isoform_analysis/preprocess_flnc_bams/results/HG03583.flnc.bam,/vast/palmer/pi/hall/wl474/projects/hprc_r2/isoform_analysis/preprocess_flnc_bams/results/HG03583.flnc.bam.pbi
HG03654,/vast/palmer/pi/hall/wl474/projects/hprc_r2/isoform_analysis/preprocess_flnc_bams/results/HG03654.flnc.bam,/vast/palmer/pi/hall/wl474/projects/hprc_r2/isoform_analysis/preprocess_flnc_bams/results/HG03654.flnc.bam.pbi
HG03669,/vast/palmer/pi/hall/wl474/projects/hprc_r2/isoform_analysis/preprocess_flnc_bams/results/HG03669.flnc.bam,/vast/palmer/pi/hall/wl474/projects/hprc_r2/isoform_analysis/preprocess_flnc_bams/results/HG03669.flnc.bam.pbi
HG03688,/vast/palmer/pi/hall/wl474/projects/hprc_r2/isoform_analysis/preprocess_flnc_bams/results/HG03688.flnc.bam,/vast/palmer/pi/hall/wl474/projects/hprc_r2/isoform_analysis/preprocess_flnc_bams/results/HG03688.flnc.bam.pbi
HG03704,/vast/palmer/pi/hall/wl474/projects/hprc_r2/isoform_analysis/preprocess_flnc_bams/results/HG03704.flnc.bam,/vast/palmer/pi/hall/wl474/projects/hprc_r2/isoform_analysis/preprocess_flnc_bams/results/HG03704.flnc.bam.pbi
HG03710,/vast/palmer/pi/hall/wl474/projects/hprc_r2/isoform_analysis/preprocess_flnc_bams/results/HG03710.flnc.bam,/vast/palmer/pi/hall/wl474/projects/hprc_r2/isoform_analysis/preprocess_flnc_bams/results/HG03710.flnc.bam.pbi
HG03742,/vast/palmer/pi/hall/wl474/projects/hprc_r2/isoform_analysis/preprocess_flnc_bams/results/HG03742.flnc.bam,/vast/palmer/pi/hall/wl474/projects/hprc_r2/isoform_analysis/preprocess_flnc_bams/results/HG03742.flnc.bam.pbi
HG03784,/vast/palmer/pi/hall/wl474/projects/hprc_r2/isoform_analysis/preprocess_flnc_bams/results/HG03784.flnc.bam,/vast/palmer/pi/hall/wl474/projects/hprc_r2/isoform_analysis/preprocess_flnc_bams/results/HG03784.flnc.bam.pbi
HG03804,/vast/palmer/pi/hall/wl474/projects/hprc_r2/isoform_analysis/preprocess_flnc_bams/results/HG03804.flnc.bam,/vast/palmer/pi/hall/wl474/projects/hprc_r2/isoform_analysis/preprocess_flnc_bams/results/HG03804.flnc.bam.pbi
HG03816,/vast/palmer/pi/hall/wl474/projects/hprc_r2/isoform_analysis/preprocess_flnc_bams/results/HG03816.flnc.bam,/vast/palmer/pi/hall/wl474/projects/hprc_r2/isoform_analysis/preprocess_flnc_bams/results/HG03816.flnc.bam.pbi
HG03831,/vast/palmer/pi/hall/wl474/projects/hprc_r2/isoform_analysis/preprocess_flnc_bams/results/HG03831.flnc.bam,/vast/palmer/pi/hall/wl474/projects/hprc_r2/isoform_analysis/preprocess_flnc_bams/results/HG03831.flnc.bam.pbi
HG03834,/vast/palmer/pi/hall/wl474/projects/hprc_r2/isoform_analysis/preprocess_flnc_bams/results/HG03834.flnc.bam,/vast/palmer/pi/hall/wl474/projects/hprc_r2/isoform_analysis/preprocess_flnc_bams/results/HG03834.flnc.bam.pbi
HG03874,/vast/palmer/pi/hall/wl474/projects/hprc_r2/isoform_analysis/preprocess_flnc_bams/results/HG03874.flnc.bam,/vast/palmer/pi/hall/wl474/projects/hprc_r2/isoform_analysis/preprocess_flnc_bams/results/HG03874.flnc.bam.pbi
HG03927,/vast/palmer/pi/hall/wl474/projects/hprc_r2/isoform_analysis/preprocess_flnc_bams/results/HG03927.flnc.bam,/vast/palmer/pi/hall/wl474/projects/hprc_r2/isoform_analysis/preprocess_flnc_bams/results/HG03927.flnc.bam.pbi
HG03942,/vast/palmer/pi/hall/wl474/projects/hprc_r2/isoform_analysis/preprocess_flnc_bams/results/HG03942.flnc.bam,/vast/palmer/pi/hall/wl474/projects/hprc_r2/isoform_analysis/preprocess_flnc_bams/results/HG03942.flnc.bam.pbi
HG04115,/vast/palmer/pi/hall/wl474/projects/hprc_r2/isoform_analysis/preprocess_flnc_bams/results/HG04115.flnc.bam,/vast/palmer/pi/hall/wl474/projects/hprc_r2/isoform_analysis/preprocess_flnc_bams/results/HG04115.flnc.bam.pbi
HG04157,/vast/palmer/pi/hall/wl474/projects/hprc_r2/isoform_analysis/preprocess_flnc_bams/results/HG04157.flnc.bam,/vast/palmer/pi/hall/wl474/projects/hprc_r2/isoform_analysis/preprocess_flnc_bams/results/HG04157.flnc.bam.pbi
HG04160,/vast/palmer/pi/hall/wl474/projects/hprc_r2/isoform_analysis/preprocess_flnc_bams/results/HG04160.flnc.bam,/vast/palmer/pi/hall/wl474/projects/hprc_r2/isoform_analysis/preprocess_flnc_bams/results/HG04160.flnc.bam.pbi
HG04184,/vast/palmer/pi/hall/wl474/projects/hprc_r2/isoform_analysis/preprocess_flnc_bams/results/HG04184.flnc.bam,/vast/palmer/pi/hall/wl474/projects/hprc_r2/isoform_analysis/preprocess_flnc_bams/results/HG04184.flnc.bam.pbi
HG04187,/vast/palmer/pi/hall/wl474/projects/hprc_r2/isoform_analysis/preprocess_flnc_bams/results/HG04187.flnc.bam,/vast/palmer/pi/hall/wl474/projects/hprc_r2/isoform_analysis/preprocess_flnc_bams/results/HG04187.flnc.bam.pbi
HG04199,/vast/palmer/pi/hall/wl474/projects/hprc_r2/isoform_analysis/preprocess_flnc_bams/results/HG04199.flnc.bam,/vast/palmer/pi/hall/wl474/projects/hprc_r2/isoform_analysis/preprocess_flnc_bams/results/HG04199.flnc.bam.pbi
HG04204,/vast/palmer/pi/hall/wl474/projects/hprc_r2/isoform_analysis/preprocess_flnc_bams/results/HG04204.flnc.bam,/vast/palmer/pi/hall/wl474/projects/hprc_r2/isoform_analysis/preprocess_flnc_bams/results/HG04204.flnc.bam.pbi
HG04228,/vast/palmer/pi/hall/wl474/projects/hprc_r2/isoform_analysis/preprocess_flnc_bams/results/HG04228.flnc.bam,/vast/palmer/pi/hall/wl474/projects/hprc_r2/isoform_analysis/preprocess_flnc_bams/results/HG04228.flnc.bam.pbi
NA18505,/vast/palmer/pi/hall/wl474/projects/hprc_r2/isoform_analysis/preprocess_flnc_bams/results/NA18505.flnc.bam,/vast/palmer/pi/hall/wl474/projects/hprc_r2/isoform_analysis/preprocess_flnc_bams/results/NA18505.flnc.bam.pbi
NA18508,/vast/palmer/pi/hall/wl474/projects/hprc_r2/isoform_analysis/preprocess_flnc_bams/results/NA18508.flnc.bam,/vast/palmer/pi/hall/wl474/projects/hprc_r2/isoform_analysis/preprocess_flnc_bams/results/NA18508.flnc.bam.pbi
NA18522,/vast/palmer/pi/hall/wl474/projects/hprc_r2/isoform_analysis/preprocess_flnc_bams/results/NA18522.flnc.bam,/vast/palmer/pi/hall/wl474/projects/hprc_r2/isoform_analysis/preprocess_flnc_bams/results/NA18522.flnc.bam.pbi
NA18565,/vast/palmer/pi/hall/wl474/projects/hprc_r2/isoform_analysis/preprocess_flnc_bams/results/NA18565.flnc.bam,/vast/palmer/pi/hall/wl474/projects/hprc_r2/isoform_analysis/preprocess_flnc_bams/results/NA18565.flnc.bam.pbi
NA18570,/vast/palmer/pi/hall/wl474/projects/hprc_r2/isoform_analysis/preprocess_flnc_bams/results/NA18570.flnc.bam,/vast/palmer/pi/hall/wl474/projects/hprc_r2/isoform_analysis/preprocess_flnc_bams/results/NA18570.flnc.bam.pbi
NA18608,/vast/palmer/pi/hall/wl474/projects/hprc_r2/isoform_analysis/preprocess_flnc_bams/results/NA18608.flnc.bam,/vast/palmer/pi/hall/wl474/projects/hprc_r2/isoform_analysis/preprocess_flnc_bams/results/NA18608.flnc.bam.pbi
NA18620,/vast/palmer/pi/hall/wl474/projects/hprc_r2/isoform_analysis/preprocess_flnc_bams/results/NA18620.flnc.bam,/vast/palmer/pi/hall/wl474/projects/hprc_r2/isoform_analysis/preprocess_flnc_bams/results/NA18620.flnc.bam.pbi
NA18747,/vast/palmer/pi/hall/wl474/projects/hprc_r2/isoform_analysis/preprocess_flnc_bams/results/NA18747.flnc.bam,/vast/palmer/pi/hall/wl474/projects/hprc_r2/isoform_analysis/preprocess_flnc_bams/results/NA18747.flnc.bam.pbi
NA18879,/vast/palmer/pi/hall/wl474/projects/hprc_r2/isoform_analysis/preprocess_flnc_bams/results/NA18879.flnc.bam,/vast/palmer/pi/hall/wl474/projects/hprc_r2/isoform_analysis/preprocess_flnc_bams/results/NA18879.flnc.bam.pbi
NA18952,/vast/palmer/pi/hall/wl474/projects/hprc_r2/isoform_analysis/preprocess_flnc_bams/results/NA18952.flnc.bam,/vast/palmer/pi/hall/wl474/projects/hprc_r2/isoform_analysis/preprocess_flnc_bams/results/NA18952.flnc.bam.pbi
NA18967,/vast/palmer/pi/hall/wl474/projects/hprc_r2/isoform_analysis/preprocess_flnc_bams/results/NA18967.flnc.bam,/vast/palmer/pi/hall/wl474/projects/hprc_r2/isoform_analysis/preprocess_flnc_bams/results/NA18967.flnc.bam.pbi
NA18970,/vast/palmer/pi/hall/wl474/projects/hprc_r2/isoform_analysis/preprocess_flnc_bams/results/NA18970.flnc.bam,/vast/palmer/pi/hall/wl474/projects/hprc_r2/isoform_analysis/preprocess_flnc_bams/results/NA18970.flnc.bam.pbi
NA18971,/vast/palmer/pi/hall/wl474/projects/hprc_r2/isoform_analysis/preprocess_flnc_bams/results/NA18971.flnc.bam,/vast/palmer/pi/hall/wl474/projects/hprc_r2/isoform_analysis/preprocess_flnc_bams/results/NA18971.flnc.bam.pbi
NA18974,/vast/palmer/pi/hall/wl474/projects/hprc_r2/isoform_analysis/preprocess_flnc_bams/results/NA18974.flnc.bam,/vast/palmer/pi/hall/wl474/projects/hprc_r2/isoform_analysis/preprocess_flnc_bams/results/NA18974.flnc.bam.pbi
NA18976,/vast/palmer/pi/hall/wl474/projects/hprc_r2/isoform_analysis/preprocess_flnc_bams/results/NA18976.flnc.bam,/vast/palmer/pi/hall/wl474/projects/hprc_r2/isoform_analysis/preprocess_flnc_bams/results/NA18976.flnc.bam.pbi
NA18983,/vast/palmer/pi/hall/wl474/projects/hprc_r2/isoform_analysis/preprocess_flnc_bams/results/NA18983.flnc.bam,/vast/palmer/pi/hall/wl474/projects/hprc_r2/isoform_analysis/preprocess_flnc_bams/results/NA18983.flnc.bam.pbi
NA19036,/vast/palmer/pi/hall/wl474/projects/hprc_r2/isoform_analysis/preprocess_flnc_bams/results/NA19036.flnc.bam,/vast/palmer/pi/hall/wl474/projects/hprc_r2/isoform_analysis/preprocess_flnc_bams/results/NA19036.flnc.bam.pbi
NA19043,/vast/palmer/pi/hall/wl474/projects/hprc_r2/isoform_analysis/preprocess_flnc_bams/results/NA19043.flnc.bam,/vast/palmer/pi/hall/wl474/projects/hprc_r2/isoform_analysis/preprocess_flnc_bams/results/NA19043.flnc.bam.pbi
NA19087,/vast/palmer/pi/hall/wl474/projects/hprc_r2/isoform_analysis/preprocess_flnc_bams/results/NA19087.flnc.bam,/vast/palmer/pi/hall/wl474/projects/hprc_r2/isoform_analysis/preprocess_flnc_bams/results/NA19087.flnc.bam.pbi
NA19159,/vast/palmer/pi/hall/wl474/projects/hprc_r2/isoform_analysis/preprocess_flnc_bams/results/NA19159.flnc.bam,/vast/palmer/pi/hall/wl474/projects/hprc_r2/isoform_analysis/preprocess_flnc_bams/results/NA19159.flnc.bam.pbi
NA19185,/vast/palmer/pi/hall/wl474/projects/hprc_r2/isoform_analysis/preprocess_flnc_bams/results/NA19185.flnc.bam,/vast/palmer/pi/hall/wl474/projects/hprc_r2/isoform_analysis/preprocess_flnc_bams/results/NA19185.flnc.bam.pbi
NA19338,/vast/palmer/pi/hall/wl474/projects/hprc_r2/isoform_analysis/preprocess_flnc_bams/results/NA19338.flnc.bam,/vast/palmer/pi/hall/wl474/projects/hprc_r2/isoform_analysis/preprocess_flnc_bams/results/NA19338.flnc.bam.pbi
NA19391,/vast/palmer/pi/hall/wl474/projects/hprc_r2/isoform_analysis/preprocess_flnc_bams/results/NA19391.flnc.bam,/vast/palmer/pi/hall/wl474/projects/hprc_r2/isoform_analysis/preprocess_flnc_bams/results/NA19391.flnc.bam.pbi
NA19443,/vast/palmer/pi/hall/wl474/projects/hprc_r2/isoform_analysis/preprocess_flnc_bams/results/NA19443.flnc.bam,/vast/palmer/pi/hall/wl474/projects/hprc_r2/isoform_analysis/preprocess_flnc_bams/results/NA19443.flnc.bam.pbi
NA19468,/vast/palmer/pi/hall/wl474/projects/hprc_r2/isoform_analysis/preprocess_flnc_bams/results/NA19468.flnc.bam,/vast/palmer/pi/hall/wl474/projects/hprc_r2/isoform_analysis/preprocess_flnc_bams/results/NA19468.flnc.bam.pbi
NA19682,/vast/palmer/pi/hall/wl474/projects/hprc_r2/isoform_analysis/preprocess_flnc_bams/results/NA19682.flnc.bam,/vast/palmer/pi/hall/wl474/projects/hprc_r2/isoform_analysis/preprocess_flnc_bams/results/NA19682.flnc.bam.pbi
NA19700,/vast/palmer/pi/hall/wl474/projects/hprc_r2/isoform_analysis/preprocess_flnc_bams/results/NA19700.flnc.bam,/vast/palmer/pi/hall/wl474/projects/hprc_r2/isoform_analysis/preprocess_flnc_bams/results/NA19700.flnc.bam.pbi
NA19776,/vast/palmer/pi/hall/wl474/projects/hprc_r2/isoform_analysis/preprocess_flnc_bams/results/NA19776.flnc.bam,/vast/palmer/pi/hall/wl474/projects/hprc_r2/isoform_analysis/preprocess_flnc_bams/results/NA19776.flnc.bam.pbi
NA19835,/vast/palmer/pi/hall/wl474/projects/hprc_r2/isoform_analysis/preprocess_flnc_bams/results/NA19835.flnc.bam,/vast/palmer/pi/hall/wl474/projects/hprc_r2/isoform_analysis/preprocess_flnc_bams/results/NA19835.flnc.bam.pbi
NA19909,/vast/palmer/pi/hall/wl474/projects/hprc_r2/isoform_analysis/preprocess_flnc_bams/results/NA19909.flnc.bam,/vast/palmer/pi/hall/wl474/projects/hprc_r2/isoform_analysis/preprocess_flnc_bams/results/NA19909.flnc.bam.pbi
NA20282,/vast/palmer/pi/hall/wl474/projects/hprc_r2/isoform_analysis/preprocess_flnc_bams/results/NA20282.flnc.bam,/vast/palmer/pi/hall/wl474/projects/hprc_r2/isoform_analysis/preprocess_flnc_bams/results/NA20282.flnc.bam.pbi
NA20346,/vast/palmer/pi/hall/wl474/projects/hprc_r2/isoform_analysis/preprocess_flnc_bams/results/NA20346.flnc.bam,/vast/palmer/pi/hall/wl474/projects/hprc_r2/isoform_analysis/preprocess_flnc_bams/results/NA20346.flnc.bam.pbi
NA20503,/vast/palmer/pi/hall/wl474/projects/hprc_r2/isoform_analysis/preprocess_flnc_bams/results/NA20503.flnc.bam,/vast/palmer/pi/hall/wl474/projects/hprc_r2/isoform_analysis/preprocess_flnc_bams/results/NA20503.flnc.bam.pbi
NA20752,/vast/palmer/pi/hall/wl474/projects/hprc_r2/isoform_analysis/preprocess_flnc_bams/results/NA20752.flnc.bam,/vast/palmer/pi/hall/wl474/projects/hprc_r2/isoform_analysis/preprocess_flnc_bams/results/NA20752.flnc.bam.pbi
NA20762,/vast/palmer/pi/hall/wl474/projects/hprc_r2/isoform_analysis/preprocess_flnc_bams/results/NA20762.flnc.bam,/vast/palmer/pi/hall/wl474/projects/hprc_r2/isoform_analysis/preprocess_flnc_bams/results/NA20762.flnc.bam.pbi
NA20799,/vast/palmer/pi/hall/wl474/projects/hprc_r2/isoform_analysis/preprocess_flnc_bams/results/NA20799.flnc.bam,/vast/palmer/pi/hall/wl474/projects/hprc_r2/isoform_analysis/preprocess_flnc_bams/results/NA20799.flnc.bam.pbi
NA20805,/vast/palmer/pi/hall/wl474/projects/hprc_r2/isoform_analysis/preprocess_flnc_bams/results/NA20805.flnc.bam,/vast/palmer/pi/hall/wl474/projects/hprc_r2/isoform_analysis/preprocess_flnc_bams/results/NA20805.flnc.bam.pbi
NA20806,/vast/palmer/pi/hall/wl474/projects/hprc_r2/isoform_analysis/preprocess_flnc_bams/results/NA20806.flnc.bam,/vast/palmer/pi/hall/wl474/projects/hprc_r2/isoform_analysis/preprocess_flnc_bams/results/NA20806.flnc.bam.pbi
NA20809,/vast/palmer/pi/hall/wl474/projects/hprc_r2/isoform_analysis/preprocess_flnc_bams/results/NA20809.flnc.bam,/vast/palmer/pi/hall/wl474/projects/hprc_r2/isoform_analysis/preprocess_flnc_bams/results/NA20809.flnc.bam.pbi
NA20827,/vast/palmer/pi/hall/wl474/projects/hprc_r2/isoform_analysis/preprocess_flnc_bams/results/NA20827.flnc.bam,/vast/palmer/pi/hall/wl474/projects/hprc_r2/isoform_analysis/preprocess_flnc_bams/results/NA20827.flnc.bam.pbi
NA20850,/vast/palmer/pi/hall/wl474/projects/hprc_r2/isoform_analysis/preprocess_flnc_bams/results/NA20850.flnc.bam,/vast/palmer/pi/hall/wl474/projects/hprc_r2/isoform_analysis/preprocess_flnc_bams/results/NA20850.flnc.bam.pbi
NA20870,/vast/palmer/pi/hall/wl474/projects/hprc_r2/isoform_analysis/preprocess_flnc_bams/results/NA20870.flnc.bam,/vast/palmer/pi/hall/wl474/projects/hprc_r2/isoform_analysis/preprocess_flnc_bams/results/NA20870.flnc.bam.pbi
NA20905,/vast/palmer/pi/hall/wl474/projects/hprc_r2/isoform_analysis/preprocess_flnc_bams/results/NA20905.flnc.bam,/vast/palmer/pi/hall/wl474/projects/hprc_r2/isoform_analysis/preprocess_flnc_bams/results/NA20905.flnc.bam.pbi
NA21093,/vast/palmer/pi/hall/wl474/projects/hprc_r2/isoform_analysis/preprocess_flnc_bams/results/NA21093.flnc.bam,/vast/palmer/pi/hall/wl474/projects/hprc_r2/isoform_analysis/preprocess_flnc_bams/results/NA21093.flnc.bam.pbi
NA21102,/vast/palmer/pi/hall/wl474/projects/hprc_r2/isoform_analysis/preprocess_flnc_bams/results/NA21102.flnc.bam,/vast/palmer/pi/hall/wl474/projects/hprc_r2/isoform_analysis/preprocess_flnc_bams/results/NA21102.flnc.bam.pbi
NA21106,/vast/palmer/pi/hall/wl474/projects/hprc_r2/isoform_analysis/preprocess_flnc_bams/results/NA21106.flnc.bam,/vast/palmer/pi/hall/wl474/projects/hprc_r2/isoform_analysis/preprocess_flnc_bams/results/NA21106.flnc.bam.pbi
NA21110,/vast/palmer/pi/hall/wl474/projects/hprc_r2/isoform_analysis/preprocess_flnc_bams/results/NA21110.flnc.bam,/vast/palmer/pi/hall/wl474/projects/hprc_r2/isoform_analysis/preprocess_flnc_bams/results/NA21110.flnc.bam.pbi
NA21144,/vast/palmer/pi/hall/wl474/projects/hprc_r2/isoform_analysis/preprocess_flnc_bams/results/NA21144.flnc.bam,/vast/palmer/pi/hall/wl474/projects/hprc_r2/isoform_analysis/preprocess_flnc_bams/results/NA21144.flnc.bam.pbi
