sample,bam,bai
HG00097,/gpfs/gibbs/pi/ycgh/wl474/projects/hprc_r2/isoform_analysis/minimap2_with_junc_bed/results/HG00097.GRCh38_no_alt.sorted.bam,/gpfs/gibbs/pi/ycgh/wl474/projects/hprc_r2/isoform_analysis/minimap2_with_junc_bed/results/HG00097.GRCh38_no_alt.sorted.bam.bai
HG00099,/gpfs/gibbs/pi/ycgh/wl474/projects/hprc_r2/isoform_analysis/minimap2_with_junc_bed/results/HG00099.GRCh38_no_alt.sorted.bam,/gpfs/gibbs/pi/ycgh/wl474/projects/hprc_r2/isoform_analysis/minimap2_with_junc_bed/results/HG00099.GRCh38_no_alt.sorted.bam.bai
HG00126,/gpfs/gibbs/pi/ycgh/wl474/projects/hprc_r2/isoform_analysis/minimap2_with_junc_bed/results/HG00126.GRCh38_no_alt.sorted.bam,/gpfs/gibbs/pi/ycgh/wl474/projects/hprc_r2/isoform_analysis/minimap2_with_junc_bed/results/HG00126.GRCh38_no_alt.sorted.bam.bai
HG00128,/gpfs/gibbs/pi/ycgh/wl474/projects/hprc_r2/isoform_analysis/minimap2_with_junc_bed/results/HG00128.GRCh38_no_alt.sorted.bam,/gpfs/gibbs/pi/ycgh/wl474/projects/hprc_r2/isoform_analysis/minimap2_with_junc_bed/results/HG00128.GRCh38_no_alt.sorted.bam.bai
HG00133,/gpfs/gibbs/pi/ycgh/wl474/projects/hprc_r2/isoform_analysis/minimap2_with_junc_bed/results/HG00133.GRCh38_no_alt.sorted.bam,/gpfs/gibbs/pi/ycgh/wl474/projects/hprc_r2/isoform_analysis/minimap2_with_junc_bed/results/HG00133.GRCh38_no_alt.sorted.bam.bai
HG00140,/gpfs/gibbs/pi/ycgh/wl474/projects/hprc_r2/isoform_analysis/minimap2_with_junc_bed/results/HG00140.GRCh38_no_alt.sorted.bam,/gpfs/gibbs/pi/ycgh/wl474/projects/hprc_r2/isoform_analysis/minimap2_with_junc_bed/results/HG00140.GRCh38_no_alt.sorted.bam.bai
HG00146,/gpfs/gibbs/pi/ycgh/wl474/projects/hprc_r2/isoform_analysis/minimap2_with_junc_bed/results/HG00146.GRCh38_no_alt.sorted.bam,/gpfs/gibbs/pi/ycgh/wl474/projects/hprc_r2/isoform_analysis/minimap2_with_junc_bed/results/HG00146.GRCh38_no_alt.sorted.bam.bai
HG00232,/gpfs/gibbs/pi/ycgh/wl474/projects/hprc_r2/isoform_analysis/minimap2_with_junc_bed/results/HG00232.GRCh38_no_alt.sorted.bam,/gpfs/gibbs/pi/ycgh/wl474/projects/hprc_r2/isoform_analysis/minimap2_with_junc_bed/results/HG00232.GRCh38_no_alt.sorted.bam.bai
HG00235,/gpfs/gibbs/pi/ycgh/wl474/projects/hprc_r2/isoform_analysis/minimap2_with_junc_bed/results/HG00235.GRCh38_no_alt.sorted.bam,/gpfs/gibbs/pi/ycgh/wl474/projects/hprc_r2/isoform_analysis/minimap2_with_junc_bed/results/HG00235.GRCh38_no_alt.sorted.bam.bai
HG00253,/gpfs/gibbs/pi/ycgh/wl474/projects/hprc_r2/isoform_analysis/minimap2_with_junc_bed/results/HG00253.GRCh38_no_alt.sorted.bam,/gpfs/gibbs/pi/ycgh/wl474/projects/hprc_r2/isoform_analysis/minimap2_with_junc_bed/results/HG00253.GRCh38_no_alt.sorted.bam.bai
HG00272,/gpfs/gibbs/pi/ycgh/wl474/projects/hprc_r2/isoform_analysis/minimap2_with_junc_bed/results/HG00272.GRCh38_no_alt.sorted.bam,/gpfs/gibbs/pi/ycgh/wl474/projects/hprc_r2/isoform_analysis/minimap2_with_junc_bed/results/HG00272.GRCh38_no_alt.sorted.bam.bai
HG00280,/gpfs/gibbs/pi/ycgh/wl474/projects/hprc_r2/isoform_analysis/minimap2_with_junc_bed/results/HG00280.GRCh38_no_alt.sorted.bam,/gpfs/gibbs/pi/ycgh/wl474/projects/hprc_r2/isoform_analysis/minimap2_with_junc_bed/results/HG00280.GRCh38_no_alt.sorted.bam.bai
HG00290,/gpfs/gibbs/pi/ycgh/wl474/projects/hprc_r2/isoform_analysis/minimap2_with_junc_bed/results/HG00290.GRCh38_no_alt.sorted.bam,/gpfs/gibbs/pi/ycgh/wl474/projects/hprc_r2/isoform_analysis/minimap2_with_junc_bed/results/HG00290.GRCh38_no_alt.sorted.bam.bai
HG00320,/gpfs/gibbs/pi/ycgh/wl474/projects/hprc_r2/isoform_analysis/minimap2_with_junc_bed/results/HG00320.GRCh38_no_alt.sorted.bam,/gpfs/gibbs/pi/ycgh/wl474/projects/hprc_r2/isoform_analysis/minimap2_with_junc_bed/results/HG00320.GRCh38_no_alt.sorted.bam.bai
HG00321,/gpfs/gibbs/pi/ycgh/wl474/projects/hprc_r2/isoform_analysis/minimap2_with_junc_bed/results/HG00321.GRCh38_no_alt.sorted.bam,/gpfs/gibbs/pi/ycgh/wl474/projects/hprc_r2/isoform_analysis/minimap2_with_junc_bed/results/HG00321.GRCh38_no_alt.sorted.bam.bai
HG00323,/gpfs/gibbs/pi/ycgh/wl474/projects/hprc_r2/isoform_analysis/minimap2_with_junc_bed/results/HG00323.GRCh38_no_alt.sorted.bam,/gpfs/gibbs/pi/ycgh/wl474/projects/hprc_r2/isoform_analysis/minimap2_with_junc_bed/results/HG00323.GRCh38_no_alt.sorted.bam.bai
HG00329,/gpfs/gibbs/pi/ycgh/wl474/projects/hprc_r2/isoform_analysis/minimap2_with_junc_bed/results/HG00329.GRCh38_no_alt.sorted.bam,/gpfs/gibbs/pi/ycgh/wl474/projects/hprc_r2/isoform_analysis/minimap2_with_junc_bed/results/HG00329.GRCh38_no_alt.sorted.bam.bai
HG00344,/gpfs/gibbs/pi/ycgh/wl474/projects/hprc_r2/isoform_analysis/minimap2_with_junc_bed/results/HG00344.GRCh38_no_alt.sorted.bam,/gpfs/gibbs/pi/ycgh/wl474/projects/hprc_r2/isoform_analysis/minimap2_with_junc_bed/results/HG00344.GRCh38_no_alt.sorted.bam.bai
HG00350,/gpfs/gibbs/pi/ycgh/wl474/projects/hprc_r2/isoform_analysis/minimap2_with_junc_bed/results/HG00350.GRCh38_no_alt.sorted.bam,/gpfs/gibbs/pi/ycgh/wl474/projects/hprc_r2/isoform_analysis/minimap2_with_junc_bed/results/HG00350.GRCh38_no_alt.sorted.bam.bai
HG00408,/gpfs/gibbs/pi/ycgh/wl474/projects/hprc_r2/isoform_analysis/minimap2_with_junc_bed/results/HG00408.GRCh38_no_alt.sorted.bam,/gpfs/gibbs/pi/ycgh/wl474/projects/hprc_r2/isoform_analysis/minimap2_with_junc_bed/results/HG00408.GRCh38_no_alt.sorted.bam.bai
HG00423,/gpfs/gibbs/pi/ycgh/wl474/projects/hprc_r2/isoform_analysis/minimap2_with_junc_bed/results/HG00423.GRCh38_no_alt.sorted.bam,/gpfs/gibbs/pi/ycgh/wl474/projects/hprc_r2/isoform_analysis/minimap2_with_junc_bed/results/HG00423.GRCh38_no_alt.sorted.bam.bai
HG00438,/gpfs/gibbs/pi/ycgh/wl474/projects/hprc_r2/isoform_analysis/minimap2_with_junc_bed/results/HG00438.GRCh38_no_alt.sorted.bam,/gpfs/gibbs/pi/ycgh/wl474/projects/hprc_r2/isoform_analysis/minimap2_with_junc_bed/results/HG00438.GRCh38_no_alt.sorted.bam.bai
HG00544,/gpfs/gibbs/pi/ycgh/wl474/projects/hprc_r2/isoform_analysis/minimap2_with_junc_bed/results/HG00544.GRCh38_no_alt.sorted.bam,/gpfs/gibbs/pi/ycgh/wl474/projects/hprc_r2/isoform_analysis/minimap2_with_junc_bed/results/HG00544.GRCh38_no_alt.sorted.bam.bai
HG00558,/gpfs/gibbs/pi/ycgh/wl474/projects/hprc_r2/isoform_analysis/minimap2_with_junc_bed/results/HG00558.GRCh38_no_alt.sorted.bam,/gpfs/gibbs/pi/ycgh/wl474/projects/hprc_r2/isoform_analysis/minimap2_with_junc_bed/results/HG00558.GRCh38_no_alt.sorted.bam.bai
HG00597,/gpfs/gibbs/pi/ycgh/wl474/projects/hprc_r2/isoform_analysis/minimap2_with_junc_bed/results/HG00597.GRCh38_no_alt.sorted.bam,/gpfs/gibbs/pi/ycgh/wl474/projects/hprc_r2/isoform_analysis/minimap2_with_junc_bed/results/HG00597.GRCh38_no_alt.sorted.bam.bai
HG00609,/gpfs/gibbs/pi/ycgh/wl474/projects/hprc_r2/isoform_analysis/minimap2_with_junc_bed/results/HG00609.GRCh38_no_alt.sorted.bam,/gpfs/gibbs/pi/ycgh/wl474/projects/hprc_r2/isoform_analysis/minimap2_with_junc_bed/results/HG00609.GRCh38_no_alt.sorted.bam.bai
HG00621,/gpfs/gibbs/pi/ycgh/wl474/projects/hprc_r2/isoform_analysis/minimap2_with_junc_bed/results/HG00621.GRCh38_no_alt.sorted.bam,/gpfs/gibbs/pi/ycgh/wl474/projects/hprc_r2/isoform_analysis/minimap2_with_junc_bed/results/HG00621.GRCh38_no_alt.sorted.bam.bai
HG00639,/gpfs/gibbs/pi/ycgh/wl474/projects/hprc_r2/isoform_analysis/minimap2_with_junc_bed/results/HG00639.GRCh38_no_alt.sorted.bam,/gpfs/gibbs/pi/ycgh/wl474/projects/hprc_r2/isoform_analysis/minimap2_with_junc_bed/results/HG00639.GRCh38_no_alt.sorted.bam.bai
HG00642,/gpfs/gibbs/pi/ycgh/wl474/projects/hprc_r2/isoform_analysis/minimap2_with_junc_bed/results/HG00642.GRCh38_no_alt.sorted.bam,/gpfs/gibbs/pi/ycgh/wl474/projects/hprc_r2/isoform_analysis/minimap2_with_junc_bed/results/HG00642.GRCh38_no_alt.sorted.bam.bai
HG00658,/gpfs/gibbs/pi/ycgh/wl474/projects/hprc_r2/isoform_analysis/minimap2_with_junc_bed/results/HG00658.GRCh38_no_alt.sorted.bam,/gpfs/gibbs/pi/ycgh/wl474/projects/hprc_r2/isoform_analysis/minimap2_with_junc_bed/results/HG00658.GRCh38_no_alt.sorted.bam.bai
HG00673,/gpfs/gibbs/pi/ycgh/wl474/projects/hprc_r2/isoform_analysis/minimap2_with_junc_bed/results/HG00673.GRCh38_no_alt.sorted.bam,/gpfs/gibbs/pi/ycgh/wl474/projects/hprc_r2/isoform_analysis/minimap2_with_junc_bed/results/HG00673.GRCh38_no_alt.sorted.bam.bai
HG00706,/gpfs/gibbs/pi/ycgh/wl474/projects/hprc_r2/isoform_analysis/minimap2_with_junc_bed/results/HG00706.GRCh38_no_alt.sorted.bam,/gpfs/gibbs/pi/ycgh/wl474/projects/hprc_r2/isoform_analysis/minimap2_with_junc_bed/results/HG00706.GRCh38_no_alt.sorted.bam.bai
HG00735,/gpfs/gibbs/pi/ycgh/wl474/projects/hprc_r2/isoform_analysis/minimap2_with_junc_bed/results/HG00735.GRCh38_no_alt.sorted.bam,/gpfs/gibbs/pi/ycgh/wl474/projects/hprc_r2/isoform_analysis/minimap2_with_junc_bed/results/HG00735.GRCh38_no_alt.sorted.bam.bai
HG00738,/gpfs/gibbs/pi/ycgh/wl474/projects/hprc_r2/isoform_analysis/minimap2_with_junc_bed/results/HG00738.GRCh38_no_alt.sorted.bam,/gpfs/gibbs/pi/ycgh/wl474/projects/hprc_r2/isoform_analysis/minimap2_with_junc_bed/results/HG00738.GRCh38_no_alt.sorted.bam.bai
HG00741,/gpfs/gibbs/pi/ycgh/wl474/projects/hprc_r2/isoform_analysis/minimap2_with_junc_bed/results/HG00741.GRCh38_no_alt.sorted.bam,/gpfs/gibbs/pi/ycgh/wl474/projects/hprc_r2/isoform_analysis/minimap2_with_junc_bed/results/HG00741.GRCh38_no_alt.sorted.bam.bai
HG01071,/gpfs/gibbs/pi/ycgh/wl474/projects/hprc_r2/isoform_analysis/minimap2_with_junc_bed/results/HG01071.GRCh38_no_alt.sorted.bam,/gpfs/gibbs/pi/ycgh/wl474/projects/hprc_r2/isoform_analysis/minimap2_with_junc_bed/results/HG01071.GRCh38_no_alt.sorted.bam.bai
HG01074,/gpfs/gibbs/pi/ycgh/wl474/projects/hprc_r2/isoform_analysis/minimap2_with_junc_bed/results/HG01074.GRCh38_no_alt.sorted.bam,/gpfs/gibbs/pi/ycgh/wl474/projects/hprc_r2/isoform_analysis/minimap2_with_junc_bed/results/HG01074.GRCh38_no_alt.sorted.bam.bai
HG01081,/gpfs/gibbs/pi/ycgh/wl474/projects/hprc_r2/isoform_analysis/minimap2_with_junc_bed/results/HG01081.GRCh38_no_alt.sorted.bam,/gpfs/gibbs/pi/ycgh/wl474/projects/hprc_r2/isoform_analysis/minimap2_with_junc_bed/results/HG01081.GRCh38_no_alt.sorted.bam.bai
HG01099,/gpfs/gibbs/pi/ycgh/wl474/projects/hprc_r2/isoform_analysis/minimap2_with_junc_bed/results/HG01099.GRCh38_no_alt.sorted.bam,/gpfs/gibbs/pi/ycgh/wl474/projects/hprc_r2/isoform_analysis/minimap2_with_junc_bed/results/HG01099.GRCh38_no_alt.sorted.bam.bai
HG01106,/gpfs/gibbs/pi/ycgh/wl474/projects/hprc_r2/isoform_analysis/minimap2_with_junc_bed/results/HG01106.GRCh38_no_alt.sorted.bam,/gpfs/gibbs/pi/ycgh/wl474/projects/hprc_r2/isoform_analysis/minimap2_with_junc_bed/results/HG01106.GRCh38_no_alt.sorted.bam.bai
HG01123,/gpfs/gibbs/pi/ycgh/wl474/projects/hprc_r2/isoform_analysis/minimap2_with_junc_bed/results/HG01123.GRCh38_no_alt.sorted.bam,/gpfs/gibbs/pi/ycgh/wl474/projects/hprc_r2/isoform_analysis/minimap2_with_junc_bed/results/HG01123.GRCh38_no_alt.sorted.bam.bai
HG01150,/gpfs/gibbs/pi/ycgh/wl474/projects/hprc_r2/isoform_analysis/minimap2_with_junc_bed/results/HG01150.GRCh38_no_alt.sorted.bam,/gpfs/gibbs/pi/ycgh/wl474/projects/hprc_r2/isoform_analysis/minimap2_with_junc_bed/results/HG01150.GRCh38_no_alt.sorted.bam.bai
HG01167,/gpfs/gibbs/pi/ycgh/wl474/projects/hprc_r2/isoform_analysis/minimap2_with_junc_bed/results/HG01167.GRCh38_no_alt.sorted.bam,/gpfs/gibbs/pi/ycgh/wl474/projects/hprc_r2/isoform_analysis/minimap2_with_junc_bed/results/HG01167.GRCh38_no_alt.sorted.bam.bai
HG01175,/gpfs/gibbs/pi/ycgh/wl474/projects/hprc_r2/isoform_analysis/minimap2_with_junc_bed/results/HG01175.GRCh38_no_alt.sorted.bam,/gpfs/gibbs/pi/ycgh/wl474/projects/hprc_r2/isoform_analysis/minimap2_with_junc_bed/results/HG01175.GRCh38_no_alt.sorted.bam.bai
HG01192,/gpfs/gibbs/pi/ycgh/wl474/projects/hprc_r2/isoform_analysis/minimap2_with_junc_bed/results/HG01192.GRCh38_no_alt.sorted.bam,/gpfs/gibbs/pi/ycgh/wl474/projects/hprc_r2/isoform_analysis/minimap2_with_junc_bed/results/HG01192.GRCh38_no_alt.sorted.bam.bai
HG01252,/gpfs/gibbs/pi/ycgh/wl474/projects/hprc_r2/isoform_analysis/minimap2_with_junc_bed/results/HG01252.GRCh38_no_alt.sorted.bam,/gpfs/gibbs/pi/ycgh/wl474/projects/hprc_r2/isoform_analysis/minimap2_with_junc_bed/results/HG01252.GRCh38_no_alt.sorted.bam.bai
HG01255,/gpfs/gibbs/pi/ycgh/wl474/projects/hprc_r2/isoform_analysis/minimap2_with_junc_bed/results/HG01255.GRCh38_no_alt.sorted.bam,/gpfs/gibbs/pi/ycgh/wl474/projects/hprc_r2/isoform_analysis/minimap2_with_junc_bed/results/HG01255.GRCh38_no_alt.sorted.bam.bai
HG01258,/gpfs/gibbs/pi/ycgh/wl474/projects/hprc_r2/isoform_analysis/minimap2_with_junc_bed/results/HG01258.GRCh38_no_alt.sorted.bam,/gpfs/gibbs/pi/ycgh/wl474/projects/hprc_r2/isoform_analysis/minimap2_with_junc_bed/results/HG01258.GRCh38_no_alt.sorted.bam.bai
HG01261,/gpfs/gibbs/pi/ycgh/wl474/projects/hprc_r2/isoform_analysis/minimap2_with_junc_bed/results/HG01261.GRCh38_no_alt.sorted.bam,/gpfs/gibbs/pi/ycgh/wl474/projects/hprc_r2/isoform_analysis/minimap2_with_junc_bed/results/HG01261.GRCh38_no_alt.sorted.bam.bai
HG01346,/gpfs/gibbs/pi/ycgh/wl474/projects/hprc_r2/isoform_analysis/minimap2_with_junc_bed/results/HG01346.GRCh38_no_alt.sorted.bam,/gpfs/gibbs/pi/ycgh/wl474/projects/hprc_r2/isoform_analysis/minimap2_with_junc_bed/results/HG01346.GRCh38_no_alt.sorted.bam.bai
HG01358,/gpfs/gibbs/pi/ycgh/wl474/projects/hprc_r2/isoform_analysis/minimap2_with_junc_bed/results/HG01358.GRCh38_no_alt.sorted.bam,/gpfs/gibbs/pi/ycgh/wl474/projects/hprc_r2/isoform_analysis/minimap2_with_junc_bed/results/HG01358.GRCh38_no_alt.sorted.bam.bai
HG01361,/gpfs/gibbs/pi/ycgh/wl474/projects/hprc_r2/isoform_analysis/minimap2_with_junc_bed/results/HG01361.GRCh38_no_alt.sorted.bam,/gpfs/gibbs/pi/ycgh/wl474/projects/hprc_r2/isoform_analysis/minimap2_with_junc_bed/results/HG01361.GRCh38_no_alt.sorted.bam.bai
HG01433,/gpfs/gibbs/pi/ycgh/wl474/projects/hprc_r2/isoform_analysis/minimap2_with_junc_bed/results/HG01433.GRCh38_no_alt.sorted.bam,/gpfs/gibbs/pi/ycgh/wl474/projects/hprc_r2/isoform_analysis/minimap2_with_junc_bed/results/HG01433.GRCh38_no_alt.sorted.bam.bai
HG01496,/gpfs/gibbs/pi/ycgh/wl474/projects/hprc_r2/isoform_analysis/minimap2_with_junc_bed/results/HG01496.GRCh38_no_alt.sorted.bam,/gpfs/gibbs/pi/ycgh/wl474/projects/hprc_r2/isoform_analysis/minimap2_with_junc_bed/results/HG01496.GRCh38_no_alt.sorted.bam.bai
HG01530,/gpfs/gibbs/pi/ycgh/wl474/projects/hprc_r2/isoform_analysis/minimap2_with_junc_bed/results/HG01530.GRCh38_no_alt.sorted.bam,/gpfs/gibbs/pi/ycgh/wl474/projects/hprc_r2/isoform_analysis/minimap2_with_junc_bed/results/HG01530.GRCh38_no_alt.sorted.bam.bai
HG01784,/gpfs/gibbs/pi/ycgh/wl474/projects/hprc_r2/isoform_analysis/minimap2_with_junc_bed/results/HG01784.GRCh38_no_alt.sorted.bam,/gpfs/gibbs/pi/ycgh/wl474/projects/hprc_r2/isoform_analysis/minimap2_with_junc_bed/results/HG01784.GRCh38_no_alt.sorted.bam.bai
HG01786,/gpfs/gibbs/pi/ycgh/wl474/projects/hprc_r2/isoform_analysis/minimap2_with_junc_bed/results/HG01786.GRCh38_no_alt.sorted.bam,/gpfs/gibbs/pi/ycgh/wl474/projects/hprc_r2/isoform_analysis/minimap2_with_junc_bed/results/HG01786.GRCh38_no_alt.sorted.bam.bai
HG01884,/gpfs/gibbs/pi/ycgh/wl474/projects/hprc_r2/isoform_analysis/minimap2_with_junc_bed/results/HG01884.GRCh38_no_alt.sorted.bam,/gpfs/gibbs/pi/ycgh/wl474/projects/hprc_r2/isoform_analysis/minimap2_with_junc_bed/results/HG01884.GRCh38_no_alt.sorted.bam.bai
HG01891,/gpfs/gibbs/pi/ycgh/wl474/projects/hprc_r2/isoform_analysis/minimap2_with_junc_bed/results/HG01891.GRCh38_no_alt.sorted.bam,/gpfs/gibbs/pi/ycgh/wl474/projects/hprc_r2/isoform_analysis/minimap2_with_junc_bed/results/HG01891.GRCh38_no_alt.sorted.bam.bai
HG01928,/gpfs/gibbs/pi/ycgh/wl474/projects/hprc_r2/isoform_analysis/minimap2_with_junc_bed/results/HG01928.GRCh38_no_alt.sorted.bam,/gpfs/gibbs/pi/ycgh/wl474/projects/hprc_r2/isoform_analysis/minimap2_with_junc_bed/results/HG01928.GRCh38_no_alt.sorted.bam.bai
HG01934,/gpfs/gibbs/pi/ycgh/wl474/projects/hprc_r2/isoform_analysis/minimap2_with_junc_bed/results/HG01934.GRCh38_no_alt.sorted.bam,/gpfs/gibbs/pi/ycgh/wl474/projects/hprc_r2/isoform_analysis/minimap2_with_junc_bed/results/HG01934.GRCh38_no_alt.sorted.bam.bai
HG01940,/gpfs/gibbs/pi/ycgh/wl474/projects/hprc_r2/isoform_analysis/minimap2_with_junc_bed/results/HG01940.GRCh38_no_alt.sorted.bam,/gpfs/gibbs/pi/ycgh/wl474/projects/hprc_r2/isoform_analysis/minimap2_with_junc_bed/results/HG01940.GRCh38_no_alt.sorted.bam.bai
HG01943,/gpfs/gibbs/pi/ycgh/wl474/projects/hprc_r2/isoform_analysis/minimap2_with_junc_bed/results/HG01943.GRCh38_no_alt.sorted.bam,/gpfs/gibbs/pi/ycgh/wl474/projects/hprc_r2/isoform_analysis/minimap2_with_junc_bed/results/HG01943.GRCh38_no_alt.sorted.bam.bai
HG01952,/gpfs/gibbs/pi/ycgh/wl474/projects/hprc_r2/isoform_analysis/minimap2_with_junc_bed/results/HG01952.GRCh38_no_alt.sorted.bam,/gpfs/gibbs/pi/ycgh/wl474/projects/hprc_r2/isoform_analysis/minimap2_with_junc_bed/results/HG01952.GRCh38_no_alt.sorted.bam.bai
HG01960,/gpfs/gibbs/pi/ycgh/wl474/projects/hprc_r2/isoform_analysis/minimap2_with_junc_bed/results/HG01960.GRCh38_no_alt.sorted.bam,/gpfs/gibbs/pi/ycgh/wl474/projects/hprc_r2/isoform_analysis/minimap2_with_junc_bed/results/HG01960.GRCh38_no_alt.sorted.bam.bai
HG01969,/gpfs/gibbs/pi/ycgh/wl474/projects/hprc_r2/isoform_analysis/minimap2_with_junc_bed/results/HG01969.GRCh38_no_alt.sorted.bam,/gpfs/gibbs/pi/ycgh/wl474/projects/hprc_r2/isoform_analysis/minimap2_with_junc_bed/results/HG01969.GRCh38_no_alt.sorted.bam.bai
HG01975,/gpfs/gibbs/pi/ycgh/wl474/projects/hprc_r2/isoform_analysis/minimap2_with_junc_bed/results/HG01975.GRCh38_no_alt.sorted.bam,/gpfs/gibbs/pi/ycgh/wl474/projects/hprc_r2/isoform_analysis/minimap2_with_junc_bed/results/HG01975.GRCh38_no_alt.sorted.bam.bai
HG01978,/gpfs/gibbs/pi/ycgh/wl474/projects/hprc_r2/isoform_analysis/minimap2_with_junc_bed/results/HG01978.GRCh38_no_alt.sorted.bam,/gpfs/gibbs/pi/ycgh/wl474/projects/hprc_r2/isoform_analysis/minimap2_with_junc_bed/results/HG01978.GRCh38_no_alt.sorted.bam.bai
HG01981,/gpfs/gibbs/pi/ycgh/wl474/projects/hprc_r2/isoform_analysis/minimap2_with_junc_bed/results/HG01981.GRCh38_no_alt.sorted.bam,/gpfs/gibbs/pi/ycgh/wl474/projects/hprc_r2/isoform_analysis/minimap2_with_junc_bed/results/HG01981.GRCh38_no_alt.sorted.bam.bai
HG01993,/gpfs/gibbs/pi/ycgh/wl474/projects/hprc_r2/isoform_analysis/minimap2_with_junc_bed/results/HG01993.GRCh38_no_alt.sorted.bam,/gpfs/gibbs/pi/ycgh/wl474/projects/hprc_r2/isoform_analysis/minimap2_with_junc_bed/results/HG01993.GRCh38_no_alt.sorted.bam.bai
HG02004,/gpfs/gibbs/pi/ycgh/wl474/projects/hprc_r2/isoform_analysis/minimap2_with_junc_bed/results/HG02004.GRCh38_no_alt.sorted.bam,/gpfs/gibbs/pi/ycgh/wl474/projects/hprc_r2/isoform_analysis/minimap2_with_junc_bed/results/HG02004.GRCh38_no_alt.sorted.bam.bai
HG02015,/gpfs/gibbs/pi/ycgh/wl474/projects/hprc_r2/isoform_analysis/minimap2_with_junc_bed/results/HG02015.GRCh38_no_alt.sorted.bam,/gpfs/gibbs/pi/ycgh/wl474/projects/hprc_r2/isoform_analysis/minimap2_with_junc_bed/results/HG02015.GRCh38_no_alt.sorted.bam.bai
HG02027,/gpfs/gibbs/pi/ycgh/wl474/projects/hprc_r2/isoform_analysis/minimap2_with_junc_bed/results/HG02027.GRCh38_no_alt.sorted.bam,/gpfs/gibbs/pi/ycgh/wl474/projects/hprc_r2/isoform_analysis/minimap2_with_junc_bed/results/HG02027.GRCh38_no_alt.sorted.bam.bai
HG02040,/gpfs/gibbs/pi/ycgh/wl474/projects/hprc_r2/isoform_analysis/minimap2_with_junc_bed/results/HG02040.GRCh38_no_alt.sorted.bam,/gpfs/gibbs/pi/ycgh/wl474/projects/hprc_r2/isoform_analysis/minimap2_with_junc_bed/results/HG02040.GRCh38_no_alt.sorted.bam.bai
HG02056,/gpfs/gibbs/pi/ycgh/wl474/projects/hprc_r2/isoform_analysis/minimap2_with_junc_bed/results/HG02056.GRCh38_no_alt.sorted.bam,/gpfs/gibbs/pi/ycgh/wl474/projects/hprc_r2/isoform_analysis/minimap2_with_junc_bed/results/HG02056.GRCh38_no_alt.sorted.bam.bai
HG02071,/gpfs/gibbs/pi/ycgh/wl474/projects/hprc_r2/isoform_analysis/minimap2_with_junc_bed/results/HG02071.GRCh38_no_alt.sorted.bam,/gpfs/gibbs/pi/ycgh/wl474/projects/hprc_r2/isoform_analysis/minimap2_with_junc_bed/results/HG02071.GRCh38_no_alt.sorted.bam.bai
HG02074,/gpfs/gibbs/pi/ycgh/wl474/projects/hprc_r2/isoform_analysis/minimap2_with_junc_bed/results/HG02074.GRCh38_no_alt.sorted.bam,/gpfs/gibbs/pi/ycgh/wl474/projects/hprc_r2/isoform_analysis/minimap2_with_junc_bed/results/HG02074.GRCh38_no_alt.sorted.bam.bai
HG02083,/gpfs/gibbs/pi/ycgh/wl474/projects/hprc_r2/isoform_analysis/minimap2_with_junc_bed/results/HG02083.GRCh38_no_alt.sorted.bam,/gpfs/gibbs/pi/ycgh/wl474/projects/hprc_r2/isoform_analysis/minimap2_with_junc_bed/results/HG02083.GRCh38_no_alt.sorted.bam.bai
HG02129,/gpfs/gibbs/pi/ycgh/wl474/projects/hprc_r2/isoform_analysis/minimap2_with_junc_bed/results/HG02129.GRCh38_no_alt.sorted.bam,/gpfs/gibbs/pi/ycgh/wl474/projects/hprc_r2/isoform_analysis/minimap2_with_junc_bed/results/HG02129.GRCh38_no_alt.sorted.bam.bai
HG02132,/gpfs/gibbs/pi/ycgh/wl474/projects/hprc_r2/isoform_analysis/minimap2_with_junc_bed/results/HG02132.GRCh38_no_alt.sorted.bam,/gpfs/gibbs/pi/ycgh/wl474/projects/hprc_r2/isoform_analysis/minimap2_with_junc_bed/results/HG02132.GRCh38_no_alt.sorted.bam.bai
HG02135,/gpfs/gibbs/pi/ycgh/wl474/projects/hprc_r2/isoform_analysis/minimap2_with_junc_bed/results/HG02135.GRCh38_no_alt.sorted.bam,/gpfs/gibbs/pi/ycgh/wl474/projects/hprc_r2/isoform_analysis/minimap2_with_junc_bed/results/HG02135.GRCh38_no_alt.sorted.bam.bai
HG02148,/gpfs/gibbs/pi/ycgh/wl474/projects/hprc_r2/isoform_analysis/minimap2_with_junc_bed/results/HG02148.GRCh38_no_alt.sorted.bam,/gpfs/gibbs/pi/ycgh/wl474/projects/hprc_r2/isoform_analysis/minimap2_with_junc_bed/results/HG02148.GRCh38_no_alt.sorted.bam.bai
HG02155,/gpfs/gibbs/pi/ycgh/wl474/projects/hprc_r2/isoform_analysis/minimap2_with_junc_bed/results/HG02155.GRCh38_no_alt.sorted.bam,/gpfs/gibbs/pi/ycgh/wl474/projects/hprc_r2/isoform_analysis/minimap2_with_junc_bed/results/HG02155.GRCh38_no_alt.sorted.bam.bai
HG02165,/gpfs/gibbs/pi/ycgh/wl474/projects/hprc_r2/isoform_analysis/minimap2_with_junc_bed/results/HG02165.GRCh38_no_alt.sorted.bam,/gpfs/gibbs/pi/ycgh/wl474/projects/hprc_r2/isoform_analysis/minimap2_with_junc_bed/results/HG02165.GRCh38_no_alt.sorted.bam.bai
HG02178,/gpfs/gibbs/pi/ycgh/wl474/projects/hprc_r2/isoform_analysis/minimap2_with_junc_bed/results/HG02178.GRCh38_no_alt.sorted.bam,/gpfs/gibbs/pi/ycgh/wl474/projects/hprc_r2/isoform_analysis/minimap2_with_junc_bed/results/HG02178.GRCh38_no_alt.sorted.bam.bai
HG02257,/gpfs/gibbs/pi/ycgh/wl474/projects/hprc_r2/isoform_analysis/minimap2_with_junc_bed/results/HG02257.GRCh38_no_alt.sorted.bam,/gpfs/gibbs/pi/ycgh/wl474/projects/hprc_r2/isoform_analysis/minimap2_with_junc_bed/results/HG02257.GRCh38_no_alt.sorted.bam.bai
HG02258,/gpfs/gibbs/pi/ycgh/wl474/projects/hprc_r2/isoform_analysis/minimap2_with_junc_bed/results/HG02258.GRCh38_no_alt.sorted.bam,/gpfs/gibbs/pi/ycgh/wl474/projects/hprc_r2/isoform_analysis/minimap2_with_junc_bed/results/HG02258.GRCh38_no_alt.sorted.bam.bai
HG02273,/gpfs/gibbs/pi/ycgh/wl474/projects/hprc_r2/isoform_analysis/minimap2_with_junc_bed/results/HG02273.GRCh38_no_alt.sorted.bam,/gpfs/gibbs/pi/ycgh/wl474/projects/hprc_r2/isoform_analysis/minimap2_with_junc_bed/results/HG02273.GRCh38_no_alt.sorted.bam.bai
HG02280,/gpfs/gibbs/pi/ycgh/wl474/projects/hprc_r2/isoform_analysis/minimap2_with_junc_bed/results/HG02280.GRCh38_no_alt.sorted.bam,/gpfs/gibbs/pi/ycgh/wl474/projects/hprc_r2/isoform_analysis/minimap2_with_junc_bed/results/HG02280.GRCh38_no_alt.sorted.bam.bai
HG02293,/gpfs/gibbs/pi/ycgh/wl474/projects/hprc_r2/isoform_analysis/minimap2_with_junc_bed/results/HG02293.GRCh38_no_alt.sorted.bam,/gpfs/gibbs/pi/ycgh/wl474/projects/hprc_r2/isoform_analysis/minimap2_with_junc_bed/results/HG02293.GRCh38_no_alt.sorted.bam.bai
HG02300,/gpfs/gibbs/pi/ycgh/wl474/projects/hprc_r2/isoform_analysis/minimap2_with_junc_bed/results/HG02300.GRCh38_no_alt.sorted.bam,/gpfs/gibbs/pi/ycgh/wl474/projects/hprc_r2/isoform_analysis/minimap2_with_junc_bed/results/HG02300.GRCh38_no_alt.sorted.bam.bai
HG02391,/gpfs/gibbs/pi/ycgh/wl474/projects/hprc_r2/isoform_analysis/minimap2_with_junc_bed/results/HG02391.GRCh38_no_alt.sorted.bam,/gpfs/gibbs/pi/ycgh/wl474/projects/hprc_r2/isoform_analysis/minimap2_with_junc_bed/results/HG02391.GRCh38_no_alt.sorted.bam.bai
HG02392,/gpfs/gibbs/pi/ycgh/wl474/projects/hprc_r2/isoform_analysis/minimap2_with_junc_bed/results/HG02392.GRCh38_no_alt.sorted.bam,/gpfs/gibbs/pi/ycgh/wl474/projects/hprc_r2/isoform_analysis/minimap2_with_junc_bed/results/HG02392.GRCh38_no_alt.sorted.bam.bai
HG02451,/gpfs/gibbs/pi/ycgh/wl474/projects/hprc_r2/isoform_analysis/minimap2_with_junc_bed/results/HG02451.GRCh38_no_alt.sorted.bam,/gpfs/gibbs/pi/ycgh/wl474/projects/hprc_r2/isoform_analysis/minimap2_with_junc_bed/results/HG02451.GRCh38_no_alt.sorted.bam.bai
HG02486,/gpfs/gibbs/pi/ycgh/wl474/projects/hprc_r2/isoform_analysis/minimap2_with_junc_bed/results/HG02486.GRCh38_no_alt.sorted.bam,/gpfs/gibbs/pi/ycgh/wl474/projects/hprc_r2/isoform_analysis/minimap2_with_junc_bed/results/HG02486.GRCh38_no_alt.sorted.bam.bai
HG02514,/gpfs/gibbs/pi/ycgh/wl474/projects/hprc_r2/isoform_analysis/minimap2_with_junc_bed/results/HG02514.GRCh38_no_alt.sorted.bam,/gpfs/gibbs/pi/ycgh/wl474/projects/hprc_r2/isoform_analysis/minimap2_with_junc_bed/results/HG02514.GRCh38_no_alt.sorted.bam.bai
HG02523,/gpfs/gibbs/pi/ycgh/wl474/projects/hprc_r2/isoform_analysis/minimap2_with_junc_bed/results/HG02523.GRCh38_no_alt.sorted.bam,/gpfs/gibbs/pi/ycgh/wl474/projects/hprc_r2/isoform_analysis/minimap2_with_junc_bed/results/HG02523.GRCh38_no_alt.sorted.bam.bai
HG02559,/gpfs/gibbs/pi/ycgh/wl474/projects/hprc_r2/isoform_analysis/minimap2_with_junc_bed/results/HG02559.GRCh38_no_alt.sorted.bam,/gpfs/gibbs/pi/ycgh/wl474/projects/hprc_r2/isoform_analysis/minimap2_with_junc_bed/results/HG02559.GRCh38_no_alt.sorted.bam.bai
HG02572,/gpfs/gibbs/pi/ycgh/wl474/projects/hprc_r2/isoform_analysis/minimap2_with_junc_bed/results/HG02572.GRCh38_no_alt.sorted.bam,/gpfs/gibbs/pi/ycgh/wl474/projects/hprc_r2/isoform_analysis/minimap2_with_junc_bed/results/HG02572.GRCh38_no_alt.sorted.bam.bai
HG02583,/gpfs/gibbs/pi/ycgh/wl474/projects/hprc_r2/isoform_analysis/minimap2_with_junc_bed/results/HG02583.GRCh38_no_alt.sorted.bam,/gpfs/gibbs/pi/ycgh/wl474/projects/hprc_r2/isoform_analysis/minimap2_with_junc_bed/results/HG02583.GRCh38_no_alt.sorted.bam.bai
HG02602,/gpfs/gibbs/pi/ycgh/wl474/projects/hprc_r2/isoform_analysis/minimap2_with_junc_bed/results/HG02602.GRCh38_no_alt.sorted.bam,/gpfs/gibbs/pi/ycgh/wl474/projects/hprc_r2/isoform_analysis/minimap2_with_junc_bed/results/HG02602.GRCh38_no_alt.sorted.bam.bai
HG02615,/gpfs/gibbs/pi/ycgh/wl474/projects/hprc_r2/isoform_analysis/minimap2_with_junc_bed/results/HG02615.GRCh38_no_alt.sorted.bam,/gpfs/gibbs/pi/ycgh/wl474/projects/hprc_r2/isoform_analysis/minimap2_with_junc_bed/results/HG02615.GRCh38_no_alt.sorted.bam.bai
HG02622,/gpfs/gibbs/pi/ycgh/wl474/projects/hprc_r2/isoform_analysis/minimap2_with_junc_bed/results/HG02622.GRCh38_no_alt.sorted.bam,/gpfs/gibbs/pi/ycgh/wl474/projects/hprc_r2/isoform_analysis/minimap2_with_junc_bed/results/HG02622.GRCh38_no_alt.sorted.bam.bai
HG02630,/gpfs/gibbs/pi/ycgh/wl474/projects/hprc_r2/isoform_analysis/minimap2_with_junc_bed/results/HG02630.GRCh38_no_alt.sorted.bam,/gpfs/gibbs/pi/ycgh/wl474/projects/hprc_r2/isoform_analysis/minimap2_with_junc_bed/results/HG02630.GRCh38_no_alt.sorted.bam.bai
HG02647,/gpfs/gibbs/pi/ycgh/wl474/projects/hprc_r2/isoform_analysis/minimap2_with_junc_bed/results/HG02647.GRCh38_no_alt.sorted.bam,/gpfs/gibbs/pi/ycgh/wl474/projects/hprc_r2/isoform_analysis/minimap2_with_junc_bed/results/HG02647.GRCh38_no_alt.sorted.bam.bai
HG02668,/gpfs/gibbs/pi/ycgh/wl474/projects/hprc_r2/isoform_analysis/minimap2_with_junc_bed/results/HG02668.GRCh38_no_alt.sorted.bam,/gpfs/gibbs/pi/ycgh/wl474/projects/hprc_r2/isoform_analysis/minimap2_with_junc_bed/results/HG02668.GRCh38_no_alt.sorted.bam.bai
HG02698,/gpfs/gibbs/pi/ycgh/wl474/projects/hprc_r2/isoform_analysis/minimap2_with_junc_bed/results/HG02698.GRCh38_no_alt.sorted.bam,/gpfs/gibbs/pi/ycgh/wl474/projects/hprc_r2/isoform_analysis/minimap2_with_junc_bed/results/HG02698.GRCh38_no_alt.sorted.bam.bai
HG02717,/gpfs/gibbs/pi/ycgh/wl474/projects/hprc_r2/isoform_analysis/minimap2_with_junc_bed/results/HG02717.GRCh38_no_alt.sorted.bam,/gpfs/gibbs/pi/ycgh/wl474/projects/hprc_r2/isoform_analysis/minimap2_with_junc_bed/results/HG02717.GRCh38_no_alt.sorted.bam.bai
HG02735,/gpfs/gibbs/pi/ycgh/wl474/projects/hprc_r2/isoform_analysis/minimap2_with_junc_bed/results/HG02735.GRCh38_no_alt.sorted.bam,/gpfs/gibbs/pi/ycgh/wl474/projects/hprc_r2/isoform_analysis/minimap2_with_junc_bed/results/HG02735.GRCh38_no_alt.sorted.bam.bai
HG02738,/gpfs/gibbs/pi/ycgh/wl474/projects/hprc_r2/isoform_analysis/minimap2_with_junc_bed/results/HG02738.GRCh38_no_alt.sorted.bam,/gpfs/gibbs/pi/ycgh/wl474/projects/hprc_r2/isoform_analysis/minimap2_with_junc_bed/results/HG02738.GRCh38_no_alt.sorted.bam.bai
HG02809,/gpfs/gibbs/pi/ycgh/wl474/projects/hprc_r2/isoform_analysis/minimap2_with_junc_bed/results/HG02809.GRCh38_no_alt.sorted.bam,/gpfs/gibbs/pi/ycgh/wl474/projects/hprc_r2/isoform_analysis/minimap2_with_junc_bed/results/HG02809.GRCh38_no_alt.sorted.bam.bai
HG02841,/gpfs/gibbs/pi/ycgh/wl474/projects/hprc_r2/isoform_analysis/minimap2_with_junc_bed/results/HG02841.GRCh38_no_alt.sorted.bam,/gpfs/gibbs/pi/ycgh/wl474/projects/hprc_r2/isoform_analysis/minimap2_with_junc_bed/results/HG02841.GRCh38_no_alt.sorted.bam.bai
HG02886,/gpfs/gibbs/pi/ycgh/wl474/projects/hprc_r2/isoform_analysis/minimap2_with_junc_bed/results/HG02886.GRCh38_no_alt.sorted.bam,/gpfs/gibbs/pi/ycgh/wl474/projects/hprc_r2/isoform_analysis/minimap2_with_junc_bed/results/HG02886.GRCh38_no_alt.sorted.bam.bai
HG02922,/gpfs/gibbs/pi/ycgh/wl474/projects/hprc_r2/isoform_analysis/minimap2_with_junc_bed/results/HG02922.GRCh38_no_alt.sorted.bam,/gpfs/gibbs/pi/ycgh/wl474/projects/hprc_r2/isoform_analysis/minimap2_with_junc_bed/results/HG02922.GRCh38_no_alt.sorted.bam.bai
HG02965,/gpfs/gibbs/pi/ycgh/wl474/projects/hprc_r2/isoform_analysis/minimap2_with_junc_bed/results/HG02965.GRCh38_no_alt.sorted.bam,/gpfs/gibbs/pi/ycgh/wl474/projects/hprc_r2/isoform_analysis/minimap2_with_junc_bed/results/HG02965.GRCh38_no_alt.sorted.bam.bai
HG02976,/gpfs/gibbs/pi/ycgh/wl474/projects/hprc_r2/isoform_analysis/minimap2_with_junc_bed/results/HG02976.GRCh38_no_alt.sorted.bam,/gpfs/gibbs/pi/ycgh/wl474/projects/hprc_r2/isoform_analysis/minimap2_with_junc_bed/results/HG02976.GRCh38_no_alt.sorted.bam.bai
HG02984,/gpfs/gibbs/pi/ycgh/wl474/projects/hprc_r2/isoform_analysis/minimap2_with_junc_bed/results/HG02984.GRCh38_no_alt.sorted.bam,/gpfs/gibbs/pi/ycgh/wl474/projects/hprc_r2/isoform_analysis/minimap2_with_junc_bed/results/HG02984.GRCh38_no_alt.sorted.bam.bai
HG03017,/gpfs/gibbs/pi/ycgh/wl474/projects/hprc_r2/isoform_analysis/minimap2_with_junc_bed/results/HG03017.GRCh38_no_alt.sorted.bam,/gpfs/gibbs/pi/ycgh/wl474/projects/hprc_r2/isoform_analysis/minimap2_with_junc_bed/results/HG03017.GRCh38_no_alt.sorted.bam.bai
HG03041,/gpfs/gibbs/pi/ycgh/wl474/projects/hprc_r2/isoform_analysis/minimap2_with_junc_bed/results/HG03041.GRCh38_no_alt.sorted.bam,/gpfs/gibbs/pi/ycgh/wl474/projects/hprc_r2/isoform_analysis/minimap2_with_junc_bed/results/HG03041.GRCh38_no_alt.sorted.bam.bai
HG03050,/gpfs/gibbs/pi/ycgh/wl474/projects/hprc_r2/isoform_analysis/minimap2_with_junc_bed/results/HG03050.GRCh38_no_alt.sorted.bam,/gpfs/gibbs/pi/ycgh/wl474/projects/hprc_r2/isoform_analysis/minimap2_with_junc_bed/results/HG03050.GRCh38_no_alt.sorted.bam.bai
HG03130,/gpfs/gibbs/pi/ycgh/wl474/projects/hprc_r2/isoform_analysis/minimap2_with_junc_bed/results/HG03130.GRCh38_no_alt.sorted.bam,/gpfs/gibbs/pi/ycgh/wl474/projects/hprc_r2/isoform_analysis/minimap2_with_junc_bed/results/HG03130.GRCh38_no_alt.sorted.bam.bai
HG03139,/gpfs/gibbs/pi/ycgh/wl474/projects/hprc_r2/isoform_analysis/minimap2_with_junc_bed/results/HG03139.GRCh38_no_alt.sorted.bam,/gpfs/gibbs/pi/ycgh/wl474/projects/hprc_r2/isoform_analysis/minimap2_with_junc_bed/results/HG03139.GRCh38_no_alt.sorted.bam.bai
HG03195,/gpfs/gibbs/pi/ycgh/wl474/projects/hprc_r2/isoform_analysis/minimap2_with_junc_bed/results/HG03195.GRCh38_no_alt.sorted.bam,/gpfs/gibbs/pi/ycgh/wl474/projects/hprc_r2/isoform_analysis/minimap2_with_junc_bed/results/HG03195.GRCh38_no_alt.sorted.bam.bai
HG03209,/gpfs/gibbs/pi/ycgh/wl474/projects/hprc_r2/isoform_analysis/minimap2_with_junc_bed/results/HG03209.GRCh38_no_alt.sorted.bam,/gpfs/gibbs/pi/ycgh/wl474/projects/hprc_r2/isoform_analysis/minimap2_with_junc_bed/results/HG03209.GRCh38_no_alt.sorted.bam.bai
HG03225,/gpfs/gibbs/pi/ycgh/wl474/projects/hprc_r2/isoform_analysis/minimap2_with_junc_bed/results/HG03225.GRCh38_no_alt.sorted.bam,/gpfs/gibbs/pi/ycgh/wl474/projects/hprc_r2/isoform_analysis/minimap2_with_junc_bed/results/HG03225.GRCh38_no_alt.sorted.bam.bai
HG03239,/gpfs/gibbs/pi/ycgh/wl474/projects/hprc_r2/isoform_analysis/minimap2_with_junc_bed/results/HG03239.GRCh38_no_alt.sorted.bam,/gpfs/gibbs/pi/ycgh/wl474/projects/hprc_r2/isoform_analysis/minimap2_with_junc_bed/results/HG03239.GRCh38_no_alt.sorted.bam.bai
HG03270,/gpfs/gibbs/pi/ycgh/wl474/projects/hprc_r2/isoform_analysis/minimap2_with_junc_bed/results/HG03270.GRCh38_no_alt.sorted.bam,/gpfs/gibbs/pi/ycgh/wl474/projects/hprc_r2/isoform_analysis/minimap2_with_junc_bed/results/HG03270.GRCh38_no_alt.sorted.bam.bai
HG03369,/gpfs/gibbs/pi/ycgh/wl474/projects/hprc_r2/isoform_analysis/minimap2_with_junc_bed/results/HG03369.GRCh38_no_alt.sorted.bam,/gpfs/gibbs/pi/ycgh/wl474/projects/hprc_r2/isoform_analysis/minimap2_with_junc_bed/results/HG03369.GRCh38_no_alt.sorted.bam.bai
HG03453,/gpfs/gibbs/pi/ycgh/wl474/projects/hprc_r2/isoform_analysis/minimap2_with_junc_bed/results/HG03453.GRCh38_no_alt.sorted.bam,/gpfs/gibbs/pi/ycgh/wl474/projects/hprc_r2/isoform_analysis/minimap2_with_junc_bed/results/HG03453.GRCh38_no_alt.sorted.bam.bai
HG03470,/gpfs/gibbs/pi/ycgh/wl474/projects/hprc_r2/isoform_analysis/minimap2_with_junc_bed/results/HG03470.GRCh38_no_alt.sorted.bam,/gpfs/gibbs/pi/ycgh/wl474/projects/hprc_r2/isoform_analysis/minimap2_with_junc_bed/results/HG03470.GRCh38_no_alt.sorted.bam.bai
HG03471,/gpfs/gibbs/pi/ycgh/wl474/projects/hprc_r2/isoform_analysis/minimap2_with_junc_bed/results/HG03471.GRCh38_no_alt.sorted.bam,/gpfs/gibbs/pi/ycgh/wl474/projects/hprc_r2/isoform_analysis/minimap2_with_junc_bed/results/HG03471.GRCh38_no_alt.sorted.bam.bai
HG03516,/gpfs/gibbs/pi/ycgh/wl474/projects/hprc_r2/isoform_analysis/minimap2_with_junc_bed/results/HG03516.GRCh38_no_alt.sorted.bam,/gpfs/gibbs/pi/ycgh/wl474/projects/hprc_r2/isoform_analysis/minimap2_with_junc_bed/results/HG03516.GRCh38_no_alt.sorted.bam.bai
HG03521,/gpfs/gibbs/pi/ycgh/wl474/projects/hprc_r2/isoform_analysis/minimap2_with_junc_bed/results/HG03521.GRCh38_no_alt.sorted.bam,/gpfs/gibbs/pi/ycgh/wl474/projects/hprc_r2/isoform_analysis/minimap2_with_junc_bed/results/HG03521.GRCh38_no_alt.sorted.bam.bai
HG03540,/gpfs/gibbs/pi/ycgh/wl474/projects/hprc_r2/isoform_analysis/minimap2_with_junc_bed/results/HG03540.GRCh38_no_alt.sorted.bam,/gpfs/gibbs/pi/ycgh/wl474/projects/hprc_r2/isoform_analysis/minimap2_with_junc_bed/results/HG03540.GRCh38_no_alt.sorted.bam.bai
HG03579,/gpfs/gibbs/pi/ycgh/wl474/projects/hprc_r2/isoform_analysis/minimap2_with_junc_bed/results/HG03579.GRCh38_no_alt.sorted.bam,/gpfs/gibbs/pi/ycgh/wl474/projects/hprc_r2/isoform_analysis/minimap2_with_junc_bed/results/HG03579.GRCh38_no_alt.sorted.bam.bai
HG03583,/gpfs/gibbs/pi/ycgh/wl474/projects/hprc_r2/isoform_analysis/minimap2_with_junc_bed/results/HG03583.GRCh38_no_alt.sorted.bam,/gpfs/gibbs/pi/ycgh/wl474/projects/hprc_r2/isoform_analysis/minimap2_with_junc_bed/results/HG03583.GRCh38_no_alt.sorted.bam.bai
HG03654,/gpfs/gibbs/pi/ycgh/wl474/projects/hprc_r2/isoform_analysis/minimap2_with_junc_bed/results/HG03654.GRCh38_no_alt.sorted.bam,/gpfs/gibbs/pi/ycgh/wl474/projects/hprc_r2/isoform_analysis/minimap2_with_junc_bed/results/HG03654.GRCh38_no_alt.sorted.bam.bai
HG03669,/gpfs/gibbs/pi/ycgh/wl474/projects/hprc_r2/isoform_analysis/minimap2_with_junc_bed/results/HG03669.GRCh38_no_alt.sorted.bam,/gpfs/gibbs/pi/ycgh/wl474/projects/hprc_r2/isoform_analysis/minimap2_with_junc_bed/results/HG03669.GRCh38_no_alt.sorted.bam.bai
HG03688,/gpfs/gibbs/pi/ycgh/wl474/projects/hprc_r2/isoform_analysis/minimap2_with_junc_bed/results/HG03688.GRCh38_no_alt.sorted.bam,/gpfs/gibbs/pi/ycgh/wl474/projects/hprc_r2/isoform_analysis/minimap2_with_junc_bed/results/HG03688.GRCh38_no_alt.sorted.bam.bai
HG03704,/gpfs/gibbs/pi/ycgh/wl474/projects/hprc_r2/isoform_analysis/minimap2_with_junc_bed/results/HG03704.GRCh38_no_alt.sorted.bam,/gpfs/gibbs/pi/ycgh/wl474/projects/hprc_r2/isoform_analysis/minimap2_with_junc_bed/results/HG03704.GRCh38_no_alt.sorted.bam.bai
HG03710,/gpfs/gibbs/pi/ycgh/wl474/projects/hprc_r2/isoform_analysis/minimap2_with_junc_bed/results/HG03710.GRCh38_no_alt.sorted.bam,/gpfs/gibbs/pi/ycgh/wl474/projects/hprc_r2/isoform_analysis/minimap2_with_junc_bed/results/HG03710.GRCh38_no_alt.sorted.bam.bai
HG03742,/gpfs/gibbs/pi/ycgh/wl474/projects/hprc_r2/isoform_analysis/minimap2_with_junc_bed/results/HG03742.GRCh38_no_alt.sorted.bam,/gpfs/gibbs/pi/ycgh/wl474/projects/hprc_r2/isoform_analysis/minimap2_with_junc_bed/results/HG03742.GRCh38_no_alt.sorted.bam.bai
HG03784,/gpfs/gibbs/pi/ycgh/wl474/projects/hprc_r2/isoform_analysis/minimap2_with_junc_bed/results/HG03784.GRCh38_no_alt.sorted.bam,/gpfs/gibbs/pi/ycgh/wl474/projects/hprc_r2/isoform_analysis/minimap2_with_junc_bed/results/HG03784.GRCh38_no_alt.sorted.bam.bai
HG03804,/gpfs/gibbs/pi/ycgh/wl474/projects/hprc_r2/isoform_analysis/minimap2_with_junc_bed/results/HG03804.GRCh38_no_alt.sorted.bam,/gpfs/gibbs/pi/ycgh/wl474/projects/hprc_r2/isoform_analysis/minimap2_with_junc_bed/results/HG03804.GRCh38_no_alt.sorted.bam.bai
HG03816,/gpfs/gibbs/pi/ycgh/wl474/projects/hprc_r2/isoform_analysis/minimap2_with_junc_bed/results/HG03816.GRCh38_no_alt.sorted.bam,/gpfs/gibbs/pi/ycgh/wl474/projects/hprc_r2/isoform_analysis/minimap2_with_junc_bed/results/HG03816.GRCh38_no_alt.sorted.bam.bai
HG03831,/gpfs/gibbs/pi/ycgh/wl474/projects/hprc_r2/isoform_analysis/minimap2_with_junc_bed/results/HG03831.GRCh38_no_alt.sorted.bam,/gpfs/gibbs/pi/ycgh/wl474/projects/hprc_r2/isoform_analysis/minimap2_with_junc_bed/results/HG03831.GRCh38_no_alt.sorted.bam.bai
HG03834,/gpfs/gibbs/pi/ycgh/wl474/projects/hprc_r2/isoform_analysis/minimap2_with_junc_bed/results/HG03834.GRCh38_no_alt.sorted.bam,/gpfs/gibbs/pi/ycgh/wl474/projects/hprc_r2/isoform_analysis/minimap2_with_junc_bed/results/HG03834.GRCh38_no_alt.sorted.bam.bai
HG03874,/gpfs/gibbs/pi/ycgh/wl474/projects/hprc_r2/isoform_analysis/minimap2_with_junc_bed/results/HG03874.GRCh38_no_alt.sorted.bam,/gpfs/gibbs/pi/ycgh/wl474/projects/hprc_r2/isoform_analysis/minimap2_with_junc_bed/results/HG03874.GRCh38_no_alt.sorted.bam.bai
HG03927,/gpfs/gibbs/pi/ycgh/wl474/projects/hprc_r2/isoform_analysis/minimap2_with_junc_bed/results/HG03927.GRCh38_no_alt.sorted.bam,/gpfs/gibbs/pi/ycgh/wl474/projects/hprc_r2/isoform_analysis/minimap2_with_junc_bed/results/HG03927.GRCh38_no_alt.sorted.bam.bai
HG03942,/gpfs/gibbs/pi/ycgh/wl474/projects/hprc_r2/isoform_analysis/minimap2_with_junc_bed/results/HG03942.GRCh38_no_alt.sorted.bam,/gpfs/gibbs/pi/ycgh/wl474/projects/hprc_r2/isoform_analysis/minimap2_with_junc_bed/results/HG03942.GRCh38_no_alt.sorted.bam.bai
HG04115,/gpfs/gibbs/pi/ycgh/wl474/projects/hprc_r2/isoform_analysis/minimap2_with_junc_bed/results/HG04115.GRCh38_no_alt.sorted.bam,/gpfs/gibbs/pi/ycgh/wl474/projects/hprc_r2/isoform_analysis/minimap2_with_junc_bed/results/HG04115.GRCh38_no_alt.sorted.bam.bai
HG04157,/gpfs/gibbs/pi/ycgh/wl474/projects/hprc_r2/isoform_analysis/minimap2_with_junc_bed/results/HG04157.GRCh38_no_alt.sorted.bam,/gpfs/gibbs/pi/ycgh/wl474/projects/hprc_r2/isoform_analysis/minimap2_with_junc_bed/results/HG04157.GRCh38_no_alt.sorted.bam.bai
HG04160,/gpfs/gibbs/pi/ycgh/wl474/projects/hprc_r2/isoform_analysis/minimap2_with_junc_bed/results/HG04160.GRCh38_no_alt.sorted.bam,/gpfs/gibbs/pi/ycgh/wl474/projects/hprc_r2/isoform_analysis/minimap2_with_junc_bed/results/HG04160.GRCh38_no_alt.sorted.bam.bai
HG04184,/gpfs/gibbs/pi/ycgh/wl474/projects/hprc_r2/isoform_analysis/minimap2_with_junc_bed/results/HG04184.GRCh38_no_alt.sorted.bam,/gpfs/gibbs/pi/ycgh/wl474/projects/hprc_r2/isoform_analysis/minimap2_with_junc_bed/results/HG04184.GRCh38_no_alt.sorted.bam.bai
HG04187,/gpfs/gibbs/pi/ycgh/wl474/projects/hprc_r2/isoform_analysis/minimap2_with_junc_bed/results/HG04187.GRCh38_no_alt.sorted.bam,/gpfs/gibbs/pi/ycgh/wl474/projects/hprc_r2/isoform_analysis/minimap2_with_junc_bed/results/HG04187.GRCh38_no_alt.sorted.bam.bai
HG04199,/gpfs/gibbs/pi/ycgh/wl474/projects/hprc_r2/isoform_analysis/minimap2_with_junc_bed/results/HG04199.GRCh38_no_alt.sorted.bam,/gpfs/gibbs/pi/ycgh/wl474/projects/hprc_r2/isoform_analysis/minimap2_with_junc_bed/results/HG04199.GRCh38_no_alt.sorted.bam.bai
HG04204,/gpfs/gibbs/pi/ycgh/wl474/projects/hprc_r2/isoform_analysis/minimap2_with_junc_bed/results/HG04204.GRCh38_no_alt.sorted.bam,/gpfs/gibbs/pi/ycgh/wl474/projects/hprc_r2/isoform_analysis/minimap2_with_junc_bed/results/HG04204.GRCh38_no_alt.sorted.bam.bai
HG04228,/gpfs/gibbs/pi/ycgh/wl474/projects/hprc_r2/isoform_analysis/minimap2_with_junc_bed/results/HG04228.GRCh38_no_alt.sorted.bam,/gpfs/gibbs/pi/ycgh/wl474/projects/hprc_r2/isoform_analysis/minimap2_with_junc_bed/results/HG04228.GRCh38_no_alt.sorted.bam.bai
NA18505,/gpfs/gibbs/pi/ycgh/wl474/projects/hprc_r2/isoform_analysis/minimap2_with_junc_bed/results/NA18505.GRCh38_no_alt.sorted.bam,/gpfs/gibbs/pi/ycgh/wl474/projects/hprc_r2/isoform_analysis/minimap2_with_junc_bed/results/NA18505.GRCh38_no_alt.sorted.bam.bai
NA18508,/gpfs/gibbs/pi/ycgh/wl474/projects/hprc_r2/isoform_analysis/minimap2_with_junc_bed/results/NA18508.GRCh38_no_alt.sorted.bam,/gpfs/gibbs/pi/ycgh/wl474/projects/hprc_r2/isoform_analysis/minimap2_with_junc_bed/results/NA18508.GRCh38_no_alt.sorted.bam.bai
NA18522,/gpfs/gibbs/pi/ycgh/wl474/projects/hprc_r2/isoform_analysis/minimap2_with_junc_bed/results/NA18522.GRCh38_no_alt.sorted.bam,/gpfs/gibbs/pi/ycgh/wl474/projects/hprc_r2/isoform_analysis/minimap2_with_junc_bed/results/NA18522.GRCh38_no_alt.sorted.bam.bai
NA18565,/gpfs/gibbs/pi/ycgh/wl474/projects/hprc_r2/isoform_analysis/minimap2_with_junc_bed/results/NA18565.GRCh38_no_alt.sorted.bam,/gpfs/gibbs/pi/ycgh/wl474/projects/hprc_r2/isoform_analysis/minimap2_with_junc_bed/results/NA18565.GRCh38_no_alt.sorted.bam.bai
NA18570,/gpfs/gibbs/pi/ycgh/wl474/projects/hprc_r2/isoform_analysis/minimap2_with_junc_bed/results/NA18570.GRCh38_no_alt.sorted.bam,/gpfs/gibbs/pi/ycgh/wl474/projects/hprc_r2/isoform_analysis/minimap2_with_junc_bed/results/NA18570.GRCh38_no_alt.sorted.bam.bai
NA18608,/gpfs/gibbs/pi/ycgh/wl474/projects/hprc_r2/isoform_analysis/minimap2_with_junc_bed/results/NA18608.GRCh38_no_alt.sorted.bam,/gpfs/gibbs/pi/ycgh/wl474/projects/hprc_r2/isoform_analysis/minimap2_with_junc_bed/results/NA18608.GRCh38_no_alt.sorted.bam.bai
NA18620,/gpfs/gibbs/pi/ycgh/wl474/projects/hprc_r2/isoform_analysis/minimap2_with_junc_bed/results/NA18620.GRCh38_no_alt.sorted.bam,/gpfs/gibbs/pi/ycgh/wl474/projects/hprc_r2/isoform_analysis/minimap2_with_junc_bed/results/NA18620.GRCh38_no_alt.sorted.bam.bai
NA18747,/gpfs/gibbs/pi/ycgh/wl474/projects/hprc_r2/isoform_analysis/minimap2_with_junc_bed/results/NA18747.GRCh38_no_alt.sorted.bam,/gpfs/gibbs/pi/ycgh/wl474/projects/hprc_r2/isoform_analysis/minimap2_with_junc_bed/results/NA18747.GRCh38_no_alt.sorted.bam.bai
NA18879,/gpfs/gibbs/pi/ycgh/wl474/projects/hprc_r2/isoform_analysis/minimap2_with_junc_bed/results/NA18879.GRCh38_no_alt.sorted.bam,/gpfs/gibbs/pi/ycgh/wl474/projects/hprc_r2/isoform_analysis/minimap2_with_junc_bed/results/NA18879.GRCh38_no_alt.sorted.bam.bai
NA18952,/gpfs/gibbs/pi/ycgh/wl474/projects/hprc_r2/isoform_analysis/minimap2_with_junc_bed/results/NA18952.GRCh38_no_alt.sorted.bam,/gpfs/gibbs/pi/ycgh/wl474/projects/hprc_r2/isoform_analysis/minimap2_with_junc_bed/results/NA18952.GRCh38_no_alt.sorted.bam.bai
NA18967,/gpfs/gibbs/pi/ycgh/wl474/projects/hprc_r2/isoform_analysis/minimap2_with_junc_bed/results/NA18967.GRCh38_no_alt.sorted.bam,/gpfs/gibbs/pi/ycgh/wl474/projects/hprc_r2/isoform_analysis/minimap2_with_junc_bed/results/NA18967.GRCh38_no_alt.sorted.bam.bai
NA18970,/gpfs/gibbs/pi/ycgh/wl474/projects/hprc_r2/isoform_analysis/minimap2_with_junc_bed/results/NA18970.GRCh38_no_alt.sorted.bam,/gpfs/gibbs/pi/ycgh/wl474/projects/hprc_r2/isoform_analysis/minimap2_with_junc_bed/results/NA18970.GRCh38_no_alt.sorted.bam.bai
NA18971,/gpfs/gibbs/pi/ycgh/wl474/projects/hprc_r2/isoform_analysis/minimap2_with_junc_bed/results/NA18971.GRCh38_no_alt.sorted.bam,/gpfs/gibbs/pi/ycgh/wl474/projects/hprc_r2/isoform_analysis/minimap2_with_junc_bed/results/NA18971.GRCh38_no_alt.sorted.bam.bai
NA18974,/gpfs/gibbs/pi/ycgh/wl474/projects/hprc_r2/isoform_analysis/minimap2_with_junc_bed/results/NA18974.GRCh38_no_alt.sorted.bam,/gpfs/gibbs/pi/ycgh/wl474/projects/hprc_r2/isoform_analysis/minimap2_with_junc_bed/results/NA18974.GRCh38_no_alt.sorted.bam.bai
NA18976,/gpfs/gibbs/pi/ycgh/wl474/projects/hprc_r2/isoform_analysis/minimap2_with_junc_bed/results/NA18976.GRCh38_no_alt.sorted.bam,/gpfs/gibbs/pi/ycgh/wl474/projects/hprc_r2/isoform_analysis/minimap2_with_junc_bed/results/NA18976.GRCh38_no_alt.sorted.bam.bai
NA18983,/gpfs/gibbs/pi/ycgh/wl474/projects/hprc_r2/isoform_analysis/minimap2_with_junc_bed/results/NA18983.GRCh38_no_alt.sorted.bam,/gpfs/gibbs/pi/ycgh/wl474/projects/hprc_r2/isoform_analysis/minimap2_with_junc_bed/results/NA18983.GRCh38_no_alt.sorted.bam.bai
NA19036,/gpfs/gibbs/pi/ycgh/wl474/projects/hprc_r2/isoform_analysis/minimap2_with_junc_bed/results/NA19036.GRCh38_no_alt.sorted.bam,/gpfs/gibbs/pi/ycgh/wl474/projects/hprc_r2/isoform_analysis/minimap2_with_junc_bed/results/NA19036.GRCh38_no_alt.sorted.bam.bai
NA19043,/gpfs/gibbs/pi/ycgh/wl474/projects/hprc_r2/isoform_analysis/minimap2_with_junc_bed/results/NA19043.GRCh38_no_alt.sorted.bam,/gpfs/gibbs/pi/ycgh/wl474/projects/hprc_r2/isoform_analysis/minimap2_with_junc_bed/results/NA19043.GRCh38_no_alt.sorted.bam.bai
NA19087,/gpfs/gibbs/pi/ycgh/wl474/projects/hprc_r2/isoform_analysis/minimap2_with_junc_bed/results/NA19087.GRCh38_no_alt.sorted.bam,/gpfs/gibbs/pi/ycgh/wl474/projects/hprc_r2/isoform_analysis/minimap2_with_junc_bed/results/NA19087.GRCh38_no_alt.sorted.bam.bai
NA19159,/gpfs/gibbs/pi/ycgh/wl474/projects/hprc_r2/isoform_analysis/minimap2_with_junc_bed/results/NA19159.GRCh38_no_alt.sorted.bam,/gpfs/gibbs/pi/ycgh/wl474/projects/hprc_r2/isoform_analysis/minimap2_with_junc_bed/results/NA19159.GRCh38_no_alt.sorted.bam.bai
NA19185,/gpfs/gibbs/pi/ycgh/wl474/projects/hprc_r2/isoform_analysis/minimap2_with_junc_bed/results/NA19185.GRCh38_no_alt.sorted.bam,/gpfs/gibbs/pi/ycgh/wl474/projects/hprc_r2/isoform_analysis/minimap2_with_junc_bed/results/NA19185.GRCh38_no_alt.sorted.bam.bai
NA19338,/gpfs/gibbs/pi/ycgh/wl474/projects/hprc_r2/isoform_analysis/minimap2_with_junc_bed/results/NA19338.GRCh38_no_alt.sorted.bam,/gpfs/gibbs/pi/ycgh/wl474/projects/hprc_r2/isoform_analysis/minimap2_with_junc_bed/results/NA19338.GRCh38_no_alt.sorted.bam.bai
NA19391,/gpfs/gibbs/pi/ycgh/wl474/projects/hprc_r2/isoform_analysis/minimap2_with_junc_bed/results/NA19391.GRCh38_no_alt.sorted.bam,/gpfs/gibbs/pi/ycgh/wl474/projects/hprc_r2/isoform_analysis/minimap2_with_junc_bed/results/NA19391.GRCh38_no_alt.sorted.bam.bai
NA19443,/gpfs/gibbs/pi/ycgh/wl474/projects/hprc_r2/isoform_analysis/minimap2_with_junc_bed/results/NA19443.GRCh38_no_alt.sorted.bam,/gpfs/gibbs/pi/ycgh/wl474/projects/hprc_r2/isoform_analysis/minimap2_with_junc_bed/results/NA19443.GRCh38_no_alt.sorted.bam.bai
NA19468,/gpfs/gibbs/pi/ycgh/wl474/projects/hprc_r2/isoform_analysis/minimap2_with_junc_bed/results/NA19468.GRCh38_no_alt.sorted.bam,/gpfs/gibbs/pi/ycgh/wl474/projects/hprc_r2/isoform_analysis/minimap2_with_junc_bed/results/NA19468.GRCh38_no_alt.sorted.bam.bai
NA19682,/gpfs/gibbs/pi/ycgh/wl474/projects/hprc_r2/isoform_analysis/minimap2_with_junc_bed/results/NA19682.GRCh38_no_alt.sorted.bam,/gpfs/gibbs/pi/ycgh/wl474/projects/hprc_r2/isoform_analysis/minimap2_with_junc_bed/results/NA19682.GRCh38_no_alt.sorted.bam.bai
NA19700,/gpfs/gibbs/pi/ycgh/wl474/projects/hprc_r2/isoform_analysis/minimap2_with_junc_bed/results/NA19700.GRCh38_no_alt.sorted.bam,/gpfs/gibbs/pi/ycgh/wl474/projects/hprc_r2/isoform_analysis/minimap2_with_junc_bed/results/NA19700.GRCh38_no_alt.sorted.bam.bai
NA19776,/gpfs/gibbs/pi/ycgh/wl474/projects/hprc_r2/isoform_analysis/minimap2_with_junc_bed/results/NA19776.GRCh38_no_alt.sorted.bam,/gpfs/gibbs/pi/ycgh/wl474/projects/hprc_r2/isoform_analysis/minimap2_with_junc_bed/results/NA19776.GRCh38_no_alt.sorted.bam.bai
NA19835,/gpfs/gibbs/pi/ycgh/wl474/projects/hprc_r2/isoform_analysis/minimap2_with_junc_bed/results/NA19835.GRCh38_no_alt.sorted.bam,/gpfs/gibbs/pi/ycgh/wl474/projects/hprc_r2/isoform_analysis/minimap2_with_junc_bed/results/NA19835.GRCh38_no_alt.sorted.bam.bai
NA19909,/gpfs/gibbs/pi/ycgh/wl474/projects/hprc_r2/isoform_analysis/minimap2_with_junc_bed/results/NA19909.GRCh38_no_alt.sorted.bam,/gpfs/gibbs/pi/ycgh/wl474/projects/hprc_r2/isoform_analysis/minimap2_with_junc_bed/results/NA19909.GRCh38_no_alt.sorted.bam.bai
NA20282,/gpfs/gibbs/pi/ycgh/wl474/projects/hprc_r2/isoform_analysis/minimap2_with_junc_bed/results/NA20282.GRCh38_no_alt.sorted.bam,/gpfs/gibbs/pi/ycgh/wl474/projects/hprc_r2/isoform_analysis/minimap2_with_junc_bed/results/NA20282.GRCh38_no_alt.sorted.bam.bai
NA20346,/gpfs/gibbs/pi/ycgh/wl474/projects/hprc_r2/isoform_analysis/minimap2_with_junc_bed/results/NA20346.GRCh38_no_alt.sorted.bam,/gpfs/gibbs/pi/ycgh/wl474/projects/hprc_r2/isoform_analysis/minimap2_with_junc_bed/results/NA20346.GRCh38_no_alt.sorted.bam.bai
NA20503,/gpfs/gibbs/pi/ycgh/wl474/projects/hprc_r2/isoform_analysis/minimap2_with_junc_bed/results/NA20503.GRCh38_no_alt.sorted.bam,/gpfs/gibbs/pi/ycgh/wl474/projects/hprc_r2/isoform_analysis/minimap2_with_junc_bed/results/NA20503.GRCh38_no_alt.sorted.bam.bai
NA20752,/gpfs/gibbs/pi/ycgh/wl474/projects/hprc_r2/isoform_analysis/minimap2_with_junc_bed/results/NA20752.GRCh38_no_alt.sorted.bam,/gpfs/gibbs/pi/ycgh/wl474/projects/hprc_r2/isoform_analysis/minimap2_with_junc_bed/results/NA20752.GRCh38_no_alt.sorted.bam.bai
NA20762,/gpfs/gibbs/pi/ycgh/wl474/projects/hprc_r2/isoform_analysis/minimap2_with_junc_bed/results/NA20762.GRCh38_no_alt.sorted.bam,/gpfs/gibbs/pi/ycgh/wl474/projects/hprc_r2/isoform_analysis/minimap2_with_junc_bed/results/NA20762.GRCh38_no_alt.sorted.bam.bai
NA20799,/gpfs/gibbs/pi/ycgh/wl474/projects/hprc_r2/isoform_analysis/minimap2_with_junc_bed/results/NA20799.GRCh38_no_alt.sorted.bam,/gpfs/gibbs/pi/ycgh/wl474/projects/hprc_r2/isoform_analysis/minimap2_with_junc_bed/results/NA20799.GRCh38_no_alt.sorted.bam.bai
NA20805,/gpfs/gibbs/pi/ycgh/wl474/projects/hprc_r2/isoform_analysis/minimap2_with_junc_bed/results/NA20805.GRCh38_no_alt.sorted.bam,/gpfs/gibbs/pi/ycgh/wl474/projects/hprc_r2/isoform_analysis/minimap2_with_junc_bed/results/NA20805.GRCh38_no_alt.sorted.bam.bai
NA20806,/gpfs/gibbs/pi/ycgh/wl474/projects/hprc_r2/isoform_analysis/minimap2_with_junc_bed/results/NA20806.GRCh38_no_alt.sorted.bam,/gpfs/gibbs/pi/ycgh/wl474/projects/hprc_r2/isoform_analysis/minimap2_with_junc_bed/results/NA20806.GRCh38_no_alt.sorted.bam.bai
NA20809,/gpfs/gibbs/pi/ycgh/wl474/projects/hprc_r2/isoform_analysis/minimap2_with_junc_bed/results/NA20809.GRCh38_no_alt.sorted.bam,/gpfs/gibbs/pi/ycgh/wl474/projects/hprc_r2/isoform_analysis/minimap2_with_junc_bed/results/NA20809.GRCh38_no_alt.sorted.bam.bai
NA20827,/gpfs/gibbs/pi/ycgh/wl474/projects/hprc_r2/isoform_analysis/minimap2_with_junc_bed/results/NA20827.GRCh38_no_alt.sorted.bam,/gpfs/gibbs/pi/ycgh/wl474/projects/hprc_r2/isoform_analysis/minimap2_with_junc_bed/results/NA20827.GRCh38_no_alt.sorted.bam.bai
NA20850,/gpfs/gibbs/pi/ycgh/wl474/projects/hprc_r2/isoform_analysis/minimap2_with_junc_bed/results/NA20850.GRCh38_no_alt.sorted.bam,/gpfs/gibbs/pi/ycgh/wl474/projects/hprc_r2/isoform_analysis/minimap2_with_junc_bed/results/NA20850.GRCh38_no_alt.sorted.bam.bai
NA20870,/gpfs/gibbs/pi/ycgh/wl474/projects/hprc_r2/isoform_analysis/minimap2_with_junc_bed/results/NA20870.GRCh38_no_alt.sorted.bam,/gpfs/gibbs/pi/ycgh/wl474/projects/hprc_r2/isoform_analysis/minimap2_with_junc_bed/results/NA20870.GRCh38_no_alt.sorted.bam.bai
NA20905,/gpfs/gibbs/pi/ycgh/wl474/projects/hprc_r2/isoform_analysis/minimap2_with_junc_bed/results/NA20905.GRCh38_no_alt.sorted.bam,/gpfs/gibbs/pi/ycgh/wl474/projects/hprc_r2/isoform_analysis/minimap2_with_junc_bed/results/NA20905.GRCh38_no_alt.sorted.bam.bai
NA21093,/gpfs/gibbs/pi/ycgh/wl474/projects/hprc_r2/isoform_analysis/minimap2_with_junc_bed/results/NA21093.GRCh38_no_alt.sorted.bam,/gpfs/gibbs/pi/ycgh/wl474/projects/hprc_r2/isoform_analysis/minimap2_with_junc_bed/results/NA21093.GRCh38_no_alt.sorted.bam.bai
NA21102,/gpfs/gibbs/pi/ycgh/wl474/projects/hprc_r2/isoform_analysis/minimap2_with_junc_bed/results/NA21102.GRCh38_no_alt.sorted.bam,/gpfs/gibbs/pi/ycgh/wl474/projects/hprc_r2/isoform_analysis/minimap2_with_junc_bed/results/NA21102.GRCh38_no_alt.sorted.bam.bai
NA21106,/gpfs/gibbs/pi/ycgh/wl474/projects/hprc_r2/isoform_analysis/minimap2_with_junc_bed/results/NA21106.GRCh38_no_alt.sorted.bam,/gpfs/gibbs/pi/ycgh/wl474/projects/hprc_r2/isoform_analysis/minimap2_with_junc_bed/results/NA21106.GRCh38_no_alt.sorted.bam.bai
NA21110,/gpfs/gibbs/pi/ycgh/wl474/projects/hprc_r2/isoform_analysis/minimap2_with_junc_bed/results/NA21110.GRCh38_no_alt.sorted.bam,/gpfs/gibbs/pi/ycgh/wl474/projects/hprc_r2/isoform_analysis/minimap2_with_junc_bed/results/NA21110.GRCh38_no_alt.sorted.bam.bai
NA21144,/gpfs/gibbs/pi/ycgh/wl474/projects/hprc_r2/isoform_analysis/minimap2_with_junc_bed/results/NA21144.GRCh38_no_alt.sorted.bam,/gpfs/gibbs/pi/ycgh/wl474/projects/hprc_r2/isoform_analysis/minimap2_with_junc_bed/results/NA21144.GRCh38_no_alt.sorted.bam.bai
