sample,sex,bam,bai
HG00097,female,/vast/palmer/pi/hall/wl474/projects/hprc_r2/isoform_analysis/GRCh38_no_alt/align_flnc_bams/results/HG00097.GRCh38_no_alt.flnc.bam,/vast/palmer/pi/hall/wl474/projects/hprc_r2/isoform_analysis/GRCh38_no_alt/align_flnc_bams/results/HG00097.GRCh38_no_alt.flnc.bam.bai
HG00099,female,/vast/palmer/pi/hall/wl474/projects/hprc_r2/isoform_analysis/GRCh38_no_alt/align_flnc_bams/results/HG00099.GRCh38_no_alt.flnc.bam,/vast/palmer/pi/hall/wl474/projects/hprc_r2/isoform_analysis/GRCh38_no_alt/align_flnc_bams/results/HG00099.GRCh38_no_alt.flnc.bam.bai
HG00126,male,/vast/palmer/pi/hall/wl474/projects/hprc_r2/isoform_analysis/GRCh38_no_alt/align_flnc_bams/results/HG00126.GRCh38_no_alt.flnc.bam,/vast/palmer/pi/hall/wl474/projects/hprc_r2/isoform_analysis/GRCh38_no_alt/align_flnc_bams/results/HG00126.GRCh38_no_alt.flnc.bam.bai
HG00128,female,/vast/palmer/pi/hall/wl474/projects/hprc_r2/isoform_analysis/GRCh38_no_alt/align_flnc_bams/results/HG00128.GRCh38_no_alt.flnc.bam,/vast/palmer/pi/hall/wl474/projects/hprc_r2/isoform_analysis/GRCh38_no_alt/align_flnc_bams/results/HG00128.GRCh38_no_alt.flnc.bam.bai
HG00133,female,/vast/palmer/pi/hall/wl474/projects/hprc_r2/isoform_analysis/GRCh38_no_alt/align_flnc_bams/results/HG00133.GRCh38_no_alt.flnc.bam,/vast/palmer/pi/hall/wl474/projects/hprc_r2/isoform_analysis/GRCh38_no_alt/align_flnc_bams/results/HG00133.GRCh38_no_alt.flnc.bam.bai
HG00140,male,/vast/palmer/pi/hall/wl474/projects/hprc_r2/isoform_analysis/GRCh38_no_alt/align_flnc_bams/results/HG00140.GRCh38_no_alt.flnc.bam,/vast/palmer/pi/hall/wl474/projects/hprc_r2/isoform_analysis/GRCh38_no_alt/align_flnc_bams/results/HG00140.GRCh38_no_alt.flnc.bam.bai
HG00146,female,/vast/palmer/pi/hall/wl474/projects/hprc_r2/isoform_analysis/GRCh38_no_alt/align_flnc_bams/results/HG00146.GRCh38_no_alt.flnc.bam,/vast/palmer/pi/hall/wl474/projects/hprc_r2/isoform_analysis/GRCh38_no_alt/align_flnc_bams/results/HG00146.GRCh38_no_alt.flnc.bam.bai
HG00232,female,/vast/palmer/pi/hall/wl474/projects/hprc_r2/isoform_analysis/GRCh38_no_alt/align_flnc_bams/results/HG00232.GRCh38_no_alt.flnc.bam,/vast/palmer/pi/hall/wl474/projects/hprc_r2/isoform_analysis/GRCh38_no_alt/align_flnc_bams/results/HG00232.GRCh38_no_alt.flnc.bam.bai
HG00235,female,/vast/palmer/pi/hall/wl474/projects/hprc_r2/isoform_analysis/GRCh38_no_alt/align_flnc_bams/results/HG00235.GRCh38_no_alt.flnc.bam,/vast/palmer/pi/hall/wl474/projects/hprc_r2/isoform_analysis/GRCh38_no_alt/align_flnc_bams/results/HG00235.GRCh38_no_alt.flnc.bam.bai
HG00253,female,/vast/palmer/pi/hall/wl474/projects/hprc_r2/isoform_analysis/GRCh38_no_alt/align_flnc_bams/results/HG00253.GRCh38_no_alt.flnc.bam,/vast/palmer/pi/hall/wl474/projects/hprc_r2/isoform_analysis/GRCh38_no_alt/align_flnc_bams/results/HG00253.GRCh38_no_alt.flnc.bam.bai
HG00272,female,/vast/palmer/pi/hall/wl474/projects/hprc_r2/isoform_analysis/GRCh38_no_alt/align_flnc_bams/results/HG00272.GRCh38_no_alt.flnc.bam,/vast/palmer/pi/hall/wl474/projects/hprc_r2/isoform_analysis/GRCh38_no_alt/align_flnc_bams/results/HG00272.GRCh38_no_alt.flnc.bam.bai
HG00280,male,/vast/palmer/pi/hall/wl474/projects/hprc_r2/isoform_analysis/GRCh38_no_alt/align_flnc_bams/results/HG00280.GRCh38_no_alt.flnc.bam,/vast/palmer/pi/hall/wl474/projects/hprc_r2/isoform_analysis/GRCh38_no_alt/align_flnc_bams/results/HG00280.GRCh38_no_alt.flnc.bam.bai
HG00290,male,/vast/palmer/pi/hall/wl474/projects/hprc_r2/isoform_analysis/GRCh38_no_alt/align_flnc_bams/results/HG00290.GRCh38_no_alt.flnc.bam,/vast/palmer/pi/hall/wl474/projects/hprc_r2/isoform_analysis/GRCh38_no_alt/align_flnc_bams/results/HG00290.GRCh38_no_alt.flnc.bam.bai
HG00320,female,/vast/palmer/pi/hall/wl474/projects/hprc_r2/isoform_analysis/GRCh38_no_alt/align_flnc_bams/results/HG00320.GRCh38_no_alt.flnc.bam,/vast/palmer/pi/hall/wl474/projects/hprc_r2/isoform_analysis/GRCh38_no_alt/align_flnc_bams/results/HG00320.GRCh38_no_alt.flnc.bam.bai
HG00321,male,/vast/palmer/pi/hall/wl474/projects/hprc_r2/isoform_analysis/GRCh38_no_alt/align_flnc_bams/results/HG00321.GRCh38_no_alt.flnc.bam,/vast/palmer/pi/hall/wl474/projects/hprc_r2/isoform_analysis/GRCh38_no_alt/align_flnc_bams/results/HG00321.GRCh38_no_alt.flnc.bam.bai
HG00323,female,/vast/palmer/pi/hall/wl474/projects/hprc_r2/isoform_analysis/GRCh38_no_alt/align_flnc_bams/results/HG00323.GRCh38_no_alt.flnc.bam,/vast/palmer/pi/hall/wl474/projects/hprc_r2/isoform_analysis/GRCh38_no_alt/align_flnc_bams/results/HG00323.GRCh38_no_alt.flnc.bam.bai
HG00329,male,/vast/palmer/pi/hall/wl474/projects/hprc_r2/isoform_analysis/GRCh38_no_alt/align_flnc_bams/results/HG00329.GRCh38_no_alt.flnc.bam,/vast/palmer/pi/hall/wl474/projects/hprc_r2/isoform_analysis/GRCh38_no_alt/align_flnc_bams/results/HG00329.GRCh38_no_alt.flnc.bam.bai
HG00344,female,/vast/palmer/pi/hall/wl474/projects/hprc_r2/isoform_analysis/GRCh38_no_alt/align_flnc_bams/results/HG00344.GRCh38_no_alt.flnc.bam,/vast/palmer/pi/hall/wl474/projects/hprc_r2/isoform_analysis/GRCh38_no_alt/align_flnc_bams/results/HG00344.GRCh38_no_alt.flnc.bam.bai
HG00350,female,/vast/palmer/pi/hall/wl474/projects/hprc_r2/isoform_analysis/GRCh38_no_alt/align_flnc_bams/results/HG00350.GRCh38_no_alt.flnc.bam,/vast/palmer/pi/hall/wl474/projects/hprc_r2/isoform_analysis/GRCh38_no_alt/align_flnc_bams/results/HG00350.GRCh38_no_alt.flnc.bam.bai
HG00408,female,/vast/palmer/pi/hall/wl474/projects/hprc_r2/isoform_analysis/GRCh38_no_alt/align_flnc_bams/results/HG00408.GRCh38_no_alt.flnc.bam,/vast/palmer/pi/hall/wl474/projects/hprc_r2/isoform_analysis/GRCh38_no_alt/align_flnc_bams/results/HG00408.GRCh38_no_alt.flnc.bam.bai
HG00423,female,/vast/palmer/pi/hall/wl474/projects/hprc_r2/isoform_analysis/GRCh38_no_alt/align_flnc_bams/results/HG00423.GRCh38_no_alt.flnc.bam,/vast/palmer/pi/hall/wl474/projects/hprc_r2/isoform_analysis/GRCh38_no_alt/align_flnc_bams/results/HG00423.GRCh38_no_alt.flnc.bam.bai
HG00438,female,/vast/palmer/pi/hall/wl474/projects/hprc_r2/isoform_analysis/GRCh38_no_alt/align_flnc_bams/results/HG00438.GRCh38_no_alt.flnc.bam,/vast/palmer/pi/hall/wl474/projects/hprc_r2/isoform_analysis/GRCh38_no_alt/align_flnc_bams/results/HG00438.GRCh38_no_alt.flnc.bam.bai
HG00544,female,/vast/palmer/pi/hall/wl474/projects/hprc_r2/isoform_analysis/GRCh38_no_alt/align_flnc_bams/results/HG00544.GRCh38_no_alt.flnc.bam,/vast/palmer/pi/hall/wl474/projects/hprc_r2/isoform_analysis/GRCh38_no_alt/align_flnc_bams/results/HG00544.GRCh38_no_alt.flnc.bam.bai
HG00558,female,/vast/palmer/pi/hall/wl474/projects/hprc_r2/isoform_analysis/GRCh38_no_alt/align_flnc_bams/results/HG00558.GRCh38_no_alt.flnc.bam,/vast/palmer/pi/hall/wl474/projects/hprc_r2/isoform_analysis/GRCh38_no_alt/align_flnc_bams/results/HG00558.GRCh38_no_alt.flnc.bam.bai
HG00597,female,/vast/palmer/pi/hall/wl474/projects/hprc_r2/isoform_analysis/GRCh38_no_alt/align_flnc_bams/results/HG00597.GRCh38_no_alt.flnc.bam,/vast/palmer/pi/hall/wl474/projects/hprc_r2/isoform_analysis/GRCh38_no_alt/align_flnc_bams/results/HG00597.GRCh38_no_alt.flnc.bam.bai
HG00609,male,/vast/palmer/pi/hall/wl474/projects/hprc_r2/isoform_analysis/GRCh38_no_alt/align_flnc_bams/results/HG00609.GRCh38_no_alt.flnc.bam,/vast/palmer/pi/hall/wl474/projects/hprc_r2/isoform_analysis/GRCh38_no_alt/align_flnc_bams/results/HG00609.GRCh38_no_alt.flnc.bam.bai
HG00621,male,/vast/palmer/pi/hall/wl474/projects/hprc_r2/isoform_analysis/GRCh38_no_alt/align_flnc_bams/results/HG00621.GRCh38_no_alt.flnc.bam,/vast/palmer/pi/hall/wl474/projects/hprc_r2/isoform_analysis/GRCh38_no_alt/align_flnc_bams/results/HG00621.GRCh38_no_alt.flnc.bam.bai
HG00639,female,/vast/palmer/pi/hall/wl474/projects/hprc_r2/isoform_analysis/GRCh38_no_alt/align_flnc_bams/results/HG00639.GRCh38_no_alt.flnc.bam,/vast/palmer/pi/hall/wl474/projects/hprc_r2/isoform_analysis/GRCh38_no_alt/align_flnc_bams/results/HG00639.GRCh38_no_alt.flnc.bam.bai
HG00642,male,/vast/palmer/pi/hall/wl474/projects/hprc_r2/isoform_analysis/GRCh38_no_alt/align_flnc_bams/results/HG00642.GRCh38_no_alt.flnc.bam,/vast/palmer/pi/hall/wl474/projects/hprc_r2/isoform_analysis/GRCh38_no_alt/align_flnc_bams/results/HG00642.GRCh38_no_alt.flnc.bam.bai
HG00658,male,/vast/palmer/pi/hall/wl474/projects/hprc_r2/isoform_analysis/GRCh38_no_alt/align_flnc_bams/results/HG00658.GRCh38_no_alt.flnc.bam,/vast/palmer/pi/hall/wl474/projects/hprc_r2/isoform_analysis/GRCh38_no_alt/align_flnc_bams/results/HG00658.GRCh38_no_alt.flnc.bam.bai
HG00673,male,/vast/palmer/pi/hall/wl474/projects/hprc_r2/isoform_analysis/GRCh38_no_alt/align_flnc_bams/results/HG00673.GRCh38_no_alt.flnc.bam,/vast/palmer/pi/hall/wl474/projects/hprc_r2/isoform_analysis/GRCh38_no_alt/align_flnc_bams/results/HG00673.GRCh38_no_alt.flnc.bam.bai
HG00706,male,/vast/palmer/pi/hall/wl474/projects/hprc_r2/isoform_analysis/GRCh38_no_alt/align_flnc_bams/results/HG00706.GRCh38_no_alt.flnc.bam,/vast/palmer/pi/hall/wl474/projects/hprc_r2/isoform_analysis/GRCh38_no_alt/align_flnc_bams/results/HG00706.GRCh38_no_alt.flnc.bam.bai
HG00735,female,/vast/palmer/pi/hall/wl474/projects/hprc_r2/isoform_analysis/GRCh38_no_alt/align_flnc_bams/results/HG00735.GRCh38_no_alt.flnc.bam,/vast/palmer/pi/hall/wl474/projects/hprc_r2/isoform_analysis/GRCh38_no_alt/align_flnc_bams/results/HG00735.GRCh38_no_alt.flnc.bam.bai
HG00738,male,/vast/palmer/pi/hall/wl474/projects/hprc_r2/isoform_analysis/GRCh38_no_alt/align_flnc_bams/results/HG00738.GRCh38_no_alt.flnc.bam,/vast/palmer/pi/hall/wl474/projects/hprc_r2/isoform_analysis/GRCh38_no_alt/align_flnc_bams/results/HG00738.GRCh38_no_alt.flnc.bam.bai
HG00741,female,/vast/palmer/pi/hall/wl474/projects/hprc_r2/isoform_analysis/GRCh38_no_alt/align_flnc_bams/results/HG00741.GRCh38_no_alt.flnc.bam,/vast/palmer/pi/hall/wl474/projects/hprc_r2/isoform_analysis/GRCh38_no_alt/align_flnc_bams/results/HG00741.GRCh38_no_alt.flnc.bam.bai
HG01071,female,/vast/palmer/pi/hall/wl474/projects/hprc_r2/isoform_analysis/GRCh38_no_alt/align_flnc_bams/results/HG01071.GRCh38_no_alt.flnc.bam,/vast/palmer/pi/hall/wl474/projects/hprc_r2/isoform_analysis/GRCh38_no_alt/align_flnc_bams/results/HG01071.GRCh38_no_alt.flnc.bam.bai
HG01074,male,/vast/palmer/pi/hall/wl474/projects/hprc_r2/isoform_analysis/GRCh38_no_alt/align_flnc_bams/results/HG01074.GRCh38_no_alt.flnc.bam,/vast/palmer/pi/hall/wl474/projects/hprc_r2/isoform_analysis/GRCh38_no_alt/align_flnc_bams/results/HG01074.GRCh38_no_alt.flnc.bam.bai
HG01081,female,/vast/palmer/pi/hall/wl474/projects/hprc_r2/isoform_analysis/GRCh38_no_alt/align_flnc_bams/results/HG01081.GRCh38_no_alt.flnc.bam,/vast/palmer/pi/hall/wl474/projects/hprc_r2/isoform_analysis/GRCh38_no_alt/align_flnc_bams/results/HG01081.GRCh38_no_alt.flnc.bam.bai
HG01099,male,/vast/palmer/pi/hall/wl474/projects/hprc_r2/isoform_analysis/GRCh38_no_alt/align_flnc_bams/results/HG01099.GRCh38_no_alt.flnc.bam,/vast/palmer/pi/hall/wl474/projects/hprc_r2/isoform_analysis/GRCh38_no_alt/align_flnc_bams/results/HG01099.GRCh38_no_alt.flnc.bam.bai
HG01106,male,/vast/palmer/pi/hall/wl474/projects/hprc_r2/isoform_analysis/GRCh38_no_alt/align_flnc_bams/results/HG01106.GRCh38_no_alt.flnc.bam,/vast/palmer/pi/hall/wl474/projects/hprc_r2/isoform_analysis/GRCh38_no_alt/align_flnc_bams/results/HG01106.GRCh38_no_alt.flnc.bam.bai
HG01150,female,/vast/palmer/pi/hall/wl474/projects/hprc_r2/isoform_analysis/GRCh38_no_alt/align_flnc_bams/results/HG01150.GRCh38_no_alt.flnc.bam,/vast/palmer/pi/hall/wl474/projects/hprc_r2/isoform_analysis/GRCh38_no_alt/align_flnc_bams/results/HG01150.GRCh38_no_alt.flnc.bam.bai
HG01167,male,/vast/palmer/pi/hall/wl474/projects/hprc_r2/isoform_analysis/GRCh38_no_alt/align_flnc_bams/results/HG01167.GRCh38_no_alt.flnc.bam,/vast/palmer/pi/hall/wl474/projects/hprc_r2/isoform_analysis/GRCh38_no_alt/align_flnc_bams/results/HG01167.GRCh38_no_alt.flnc.bam.bai
HG01175,female,/vast/palmer/pi/hall/wl474/projects/hprc_r2/isoform_analysis/GRCh38_no_alt/align_flnc_bams/results/HG01175.GRCh38_no_alt.flnc.bam,/vast/palmer/pi/hall/wl474/projects/hprc_r2/isoform_analysis/GRCh38_no_alt/align_flnc_bams/results/HG01175.GRCh38_no_alt.flnc.bam.bai
HG01192,male,/vast/palmer/pi/hall/wl474/projects/hprc_r2/isoform_analysis/GRCh38_no_alt/align_flnc_bams/results/HG01192.GRCh38_no_alt.flnc.bam,/vast/palmer/pi/hall/wl474/projects/hprc_r2/isoform_analysis/GRCh38_no_alt/align_flnc_bams/results/HG01192.GRCh38_no_alt.flnc.bam.bai
HG01252,male,/vast/palmer/pi/hall/wl474/projects/hprc_r2/isoform_analysis/GRCh38_no_alt/align_flnc_bams/results/HG01252.GRCh38_no_alt.flnc.bam,/vast/palmer/pi/hall/wl474/projects/hprc_r2/isoform_analysis/GRCh38_no_alt/align_flnc_bams/results/HG01252.GRCh38_no_alt.flnc.bam.bai
HG01255,male,/vast/palmer/pi/hall/wl474/projects/hprc_r2/isoform_analysis/GRCh38_no_alt/align_flnc_bams/results/HG01255.GRCh38_no_alt.flnc.bam,/vast/palmer/pi/hall/wl474/projects/hprc_r2/isoform_analysis/GRCh38_no_alt/align_flnc_bams/results/HG01255.GRCh38_no_alt.flnc.bam.bai
HG01258,male,/vast/palmer/pi/hall/wl474/projects/hprc_r2/isoform_analysis/GRCh38_no_alt/align_flnc_bams/results/HG01258.GRCh38_no_alt.flnc.bam,/vast/palmer/pi/hall/wl474/projects/hprc_r2/isoform_analysis/GRCh38_no_alt/align_flnc_bams/results/HG01258.GRCh38_no_alt.flnc.bam.bai
HG01261,male,/vast/palmer/pi/hall/wl474/projects/hprc_r2/isoform_analysis/GRCh38_no_alt/align_flnc_bams/results/HG01261.GRCh38_no_alt.flnc.bam,/vast/palmer/pi/hall/wl474/projects/hprc_r2/isoform_analysis/GRCh38_no_alt/align_flnc_bams/results/HG01261.GRCh38_no_alt.flnc.bam.bai
HG01346,female,/vast/palmer/pi/hall/wl474/projects/hprc_r2/isoform_analysis/GRCh38_no_alt/align_flnc_bams/results/HG01346.GRCh38_no_alt.flnc.bam,/vast/palmer/pi/hall/wl474/projects/hprc_r2/isoform_analysis/GRCh38_no_alt/align_flnc_bams/results/HG01346.GRCh38_no_alt.flnc.bam.bai
HG01358,male,/vast/palmer/pi/hall/wl474/projects/hprc_r2/isoform_analysis/GRCh38_no_alt/align_flnc_bams/results/HG01358.GRCh38_no_alt.flnc.bam,/vast/palmer/pi/hall/wl474/projects/hprc_r2/isoform_analysis/GRCh38_no_alt/align_flnc_bams/results/HG01358.GRCh38_no_alt.flnc.bam.bai
HG01361,female,/vast/palmer/pi/hall/wl474/projects/hprc_r2/isoform_analysis/GRCh38_no_alt/align_flnc_bams/results/HG01361.GRCh38_no_alt.flnc.bam,/vast/palmer/pi/hall/wl474/projects/hprc_r2/isoform_analysis/GRCh38_no_alt/align_flnc_bams/results/HG01361.GRCh38_no_alt.flnc.bam.bai
HG01433,male,/vast/palmer/pi/hall/wl474/projects/hprc_r2/isoform_analysis/GRCh38_no_alt/align_flnc_bams/results/HG01433.GRCh38_no_alt.flnc.bam,/vast/palmer/pi/hall/wl474/projects/hprc_r2/isoform_analysis/GRCh38_no_alt/align_flnc_bams/results/HG01433.GRCh38_no_alt.flnc.bam.bai
HG01496,female,/vast/palmer/pi/hall/wl474/projects/hprc_r2/isoform_analysis/GRCh38_no_alt/align_flnc_bams/results/HG01496.GRCh38_no_alt.flnc.bam,/vast/palmer/pi/hall/wl474/projects/hprc_r2/isoform_analysis/GRCh38_no_alt/align_flnc_bams/results/HG01496.GRCh38_no_alt.flnc.bam.bai
HG01530,male,/vast/palmer/pi/hall/wl474/projects/hprc_r2/isoform_analysis/GRCh38_no_alt/align_flnc_bams/results/HG01530.GRCh38_no_alt.flnc.bam,/vast/palmer/pi/hall/wl474/projects/hprc_r2/isoform_analysis/GRCh38_no_alt/align_flnc_bams/results/HG01530.GRCh38_no_alt.flnc.bam.bai
HG01784,female,/vast/palmer/pi/hall/wl474/projects/hprc_r2/isoform_analysis/GRCh38_no_alt/align_flnc_bams/results/HG01784.GRCh38_no_alt.flnc.bam,/vast/palmer/pi/hall/wl474/projects/hprc_r2/isoform_analysis/GRCh38_no_alt/align_flnc_bams/results/HG01784.GRCh38_no_alt.flnc.bam.bai
HG01786,female,/vast/palmer/pi/hall/wl474/projects/hprc_r2/isoform_analysis/GRCh38_no_alt/align_flnc_bams/results/HG01786.GRCh38_no_alt.flnc.bam,/vast/palmer/pi/hall/wl474/projects/hprc_r2/isoform_analysis/GRCh38_no_alt/align_flnc_bams/results/HG01786.GRCh38_no_alt.flnc.bam.bai
HG01884,female,/vast/palmer/pi/hall/wl474/projects/hprc_r2/isoform_analysis/GRCh38_no_alt/align_flnc_bams/results/HG01884.GRCh38_no_alt.flnc.bam,/vast/palmer/pi/hall/wl474/projects/hprc_r2/isoform_analysis/GRCh38_no_alt/align_flnc_bams/results/HG01884.GRCh38_no_alt.flnc.bam.bai
HG01891,female,/vast/palmer/pi/hall/wl474/projects/hprc_r2/isoform_analysis/GRCh38_no_alt/align_flnc_bams/results/HG01891.GRCh38_no_alt.flnc.bam,/vast/palmer/pi/hall/wl474/projects/hprc_r2/isoform_analysis/GRCh38_no_alt/align_flnc_bams/results/HG01891.GRCh38_no_alt.flnc.bam.bai
HG01928,male,/vast/palmer/pi/hall/wl474/projects/hprc_r2/isoform_analysis/GRCh38_no_alt/align_flnc_bams/results/HG01928.GRCh38_no_alt.flnc.bam,/vast/palmer/pi/hall/wl474/projects/hprc_r2/isoform_analysis/GRCh38_no_alt/align_flnc_bams/results/HG01928.GRCh38_no_alt.flnc.bam.bai
HG01934,male,/vast/palmer/pi/hall/wl474/projects/hprc_r2/isoform_analysis/GRCh38_no_alt/align_flnc_bams/results/HG01934.GRCh38_no_alt.flnc.bam,/vast/palmer/pi/hall/wl474/projects/hprc_r2/isoform_analysis/GRCh38_no_alt/align_flnc_bams/results/HG01934.GRCh38_no_alt.flnc.bam.bai
HG01940,female,/vast/palmer/pi/hall/wl474/projects/hprc_r2/isoform_analysis/GRCh38_no_alt/align_flnc_bams/results/HG01940.GRCh38_no_alt.flnc.bam,/vast/palmer/pi/hall/wl474/projects/hprc_r2/isoform_analysis/GRCh38_no_alt/align_flnc_bams/results/HG01940.GRCh38_no_alt.flnc.bam.bai
HG01943,male,/vast/palmer/pi/hall/wl474/projects/hprc_r2/isoform_analysis/GRCh38_no_alt/align_flnc_bams/results/HG01943.GRCh38_no_alt.flnc.bam,/vast/palmer/pi/hall/wl474/projects/hprc_r2/isoform_analysis/GRCh38_no_alt/align_flnc_bams/results/HG01943.GRCh38_no_alt.flnc.bam.bai
HG01952,male,/vast/palmer/pi/hall/wl474/projects/hprc_r2/isoform_analysis/GRCh38_no_alt/align_flnc_bams/results/HG01952.GRCh38_no_alt.flnc.bam,/vast/palmer/pi/hall/wl474/projects/hprc_r2/isoform_analysis/GRCh38_no_alt/align_flnc_bams/results/HG01952.GRCh38_no_alt.flnc.bam.bai
HG01960,female,/vast/palmer/pi/hall/wl474/projects/hprc_r2/isoform_analysis/GRCh38_no_alt/align_flnc_bams/results/HG01960.GRCh38_no_alt.flnc.bam,/vast/palmer/pi/hall/wl474/projects/hprc_r2/isoform_analysis/GRCh38_no_alt/align_flnc_bams/results/HG01960.GRCh38_no_alt.flnc.bam.bai
HG01969,female,/vast/palmer/pi/hall/wl474/projects/hprc_r2/isoform_analysis/GRCh38_no_alt/align_flnc_bams/results/HG01969.GRCh38_no_alt.flnc.bam,/vast/palmer/pi/hall/wl474/projects/hprc_r2/isoform_analysis/GRCh38_no_alt/align_flnc_bams/results/HG01969.GRCh38_no_alt.flnc.bam.bai
HG01975,female,/vast/palmer/pi/hall/wl474/projects/hprc_r2/isoform_analysis/GRCh38_no_alt/align_flnc_bams/results/HG01975.GRCh38_no_alt.flnc.bam,/vast/palmer/pi/hall/wl474/projects/hprc_r2/isoform_analysis/GRCh38_no_alt/align_flnc_bams/results/HG01975.GRCh38_no_alt.flnc.bam.bai
HG01978,female,/vast/palmer/pi/hall/wl474/projects/hprc_r2/isoform_analysis/GRCh38_no_alt/align_flnc_bams/results/HG01978.GRCh38_no_alt.flnc.bam,/vast/palmer/pi/hall/wl474/projects/hprc_r2/isoform_analysis/GRCh38_no_alt/align_flnc_bams/results/HG01978.GRCh38_no_alt.flnc.bam.bai
HG01981,female,/vast/palmer/pi/hall/wl474/projects/hprc_r2/isoform_analysis/GRCh38_no_alt/align_flnc_bams/results/HG01981.GRCh38_no_alt.flnc.bam,/vast/palmer/pi/hall/wl474/projects/hprc_r2/isoform_analysis/GRCh38_no_alt/align_flnc_bams/results/HG01981.GRCh38_no_alt.flnc.bam.bai
HG01993,female,/vast/palmer/pi/hall/wl474/projects/hprc_r2/isoform_analysis/GRCh38_no_alt/align_flnc_bams/results/HG01993.GRCh38_no_alt.flnc.bam,/vast/palmer/pi/hall/wl474/projects/hprc_r2/isoform_analysis/GRCh38_no_alt/align_flnc_bams/results/HG01993.GRCh38_no_alt.flnc.bam.bai
HG02004,female,/vast/palmer/pi/hall/wl474/projects/hprc_r2/isoform_analysis/GRCh38_no_alt/align_flnc_bams/results/HG02004.GRCh38_no_alt.flnc.bam,/vast/palmer/pi/hall/wl474/projects/hprc_r2/isoform_analysis/GRCh38_no_alt/align_flnc_bams/results/HG02004.GRCh38_no_alt.flnc.bam.bai
HG02015,male,/vast/palmer/pi/hall/wl474/projects/hprc_r2/isoform_analysis/GRCh38_no_alt/align_flnc_bams/results/HG02015.GRCh38_no_alt.flnc.bam,/vast/palmer/pi/hall/wl474/projects/hprc_r2/isoform_analysis/GRCh38_no_alt/align_flnc_bams/results/HG02015.GRCh38_no_alt.flnc.bam.bai
HG02027,male,/vast/palmer/pi/hall/wl474/projects/hprc_r2/isoform_analysis/GRCh38_no_alt/align_flnc_bams/results/HG02027.GRCh38_no_alt.flnc.bam,/vast/palmer/pi/hall/wl474/projects/hprc_r2/isoform_analysis/GRCh38_no_alt/align_flnc_bams/results/HG02027.GRCh38_no_alt.flnc.bam.bai
HG02040,male,/vast/palmer/pi/hall/wl474/projects/hprc_r2/isoform_analysis/GRCh38_no_alt/align_flnc_bams/results/HG02040.GRCh38_no_alt.flnc.bam,/vast/palmer/pi/hall/wl474/projects/hprc_r2/isoform_analysis/GRCh38_no_alt/align_flnc_bams/results/HG02040.GRCh38_no_alt.flnc.bam.bai
HG02056,male,/vast/palmer/pi/hall/wl474/projects/hprc_r2/isoform_analysis/GRCh38_no_alt/align_flnc_bams/results/HG02056.GRCh38_no_alt.flnc.bam,/vast/palmer/pi/hall/wl474/projects/hprc_r2/isoform_analysis/GRCh38_no_alt/align_flnc_bams/results/HG02056.GRCh38_no_alt.flnc.bam.bai
HG02071,male,/vast/palmer/pi/hall/wl474/projects/hprc_r2/isoform_analysis/GRCh38_no_alt/align_flnc_bams/results/HG02071.GRCh38_no_alt.flnc.bam,/vast/palmer/pi/hall/wl474/projects/hprc_r2/isoform_analysis/GRCh38_no_alt/align_flnc_bams/results/HG02071.GRCh38_no_alt.flnc.bam.bai
HG02074,male,/vast/palmer/pi/hall/wl474/projects/hprc_r2/isoform_analysis/GRCh38_no_alt/align_flnc_bams/results/HG02074.GRCh38_no_alt.flnc.bam,/vast/palmer/pi/hall/wl474/projects/hprc_r2/isoform_analysis/GRCh38_no_alt/align_flnc_bams/results/HG02074.GRCh38_no_alt.flnc.bam.bai
HG02083,male,/vast/palmer/pi/hall/wl474/projects/hprc_r2/isoform_analysis/GRCh38_no_alt/align_flnc_bams/results/HG02083.GRCh38_no_alt.flnc.bam,/vast/palmer/pi/hall/wl474/projects/hprc_r2/isoform_analysis/GRCh38_no_alt/align_flnc_bams/results/HG02083.GRCh38_no_alt.flnc.bam.bai
HG02129,male,/vast/palmer/pi/hall/wl474/projects/hprc_r2/isoform_analysis/GRCh38_no_alt/align_flnc_bams/results/HG02129.GRCh38_no_alt.flnc.bam,/vast/palmer/pi/hall/wl474/projects/hprc_r2/isoform_analysis/GRCh38_no_alt/align_flnc_bams/results/HG02129.GRCh38_no_alt.flnc.bam.bai
HG02132,male,/vast/palmer/pi/hall/wl474/projects/hprc_r2/isoform_analysis/GRCh38_no_alt/align_flnc_bams/results/HG02132.GRCh38_no_alt.flnc.bam,/vast/palmer/pi/hall/wl474/projects/hprc_r2/isoform_analysis/GRCh38_no_alt/align_flnc_bams/results/HG02132.GRCh38_no_alt.flnc.bam.bai
HG02135,male,/vast/palmer/pi/hall/wl474/projects/hprc_r2/isoform_analysis/GRCh38_no_alt/align_flnc_bams/results/HG02135.GRCh38_no_alt.flnc.bam,/vast/palmer/pi/hall/wl474/projects/hprc_r2/isoform_analysis/GRCh38_no_alt/align_flnc_bams/results/HG02135.GRCh38_no_alt.flnc.bam.bai
HG02148,female,/vast/palmer/pi/hall/wl474/projects/hprc_r2/isoform_analysis/GRCh38_no_alt/align_flnc_bams/results/HG02148.GRCh38_no_alt.flnc.bam,/vast/palmer/pi/hall/wl474/projects/hprc_r2/isoform_analysis/GRCh38_no_alt/align_flnc_bams/results/HG02148.GRCh38_no_alt.flnc.bam.bai
HG02155,female,/vast/palmer/pi/hall/wl474/projects/hprc_r2/isoform_analysis/GRCh38_no_alt/align_flnc_bams/results/HG02155.GRCh38_no_alt.flnc.bam,/vast/palmer/pi/hall/wl474/projects/hprc_r2/isoform_analysis/GRCh38_no_alt/align_flnc_bams/results/HG02155.GRCh38_no_alt.flnc.bam.bai
HG02165,female,/vast/palmer/pi/hall/wl474/projects/hprc_r2/isoform_analysis/GRCh38_no_alt/align_flnc_bams/results/HG02165.GRCh38_no_alt.flnc.bam,/vast/palmer/pi/hall/wl474/projects/hprc_r2/isoform_analysis/GRCh38_no_alt/align_flnc_bams/results/HG02165.GRCh38_no_alt.flnc.bam.bai
HG02178,female,/vast/palmer/pi/hall/wl474/projects/hprc_r2/isoform_analysis/GRCh38_no_alt/align_flnc_bams/results/HG02178.GRCh38_no_alt.flnc.bam,/vast/palmer/pi/hall/wl474/projects/hprc_r2/isoform_analysis/GRCh38_no_alt/align_flnc_bams/results/HG02178.GRCh38_no_alt.flnc.bam.bai
HG02257,female,/vast/palmer/pi/hall/wl474/projects/hprc_r2/isoform_analysis/GRCh38_no_alt/align_flnc_bams/results/HG02257.GRCh38_no_alt.flnc.bam,/vast/palmer/pi/hall/wl474/projects/hprc_r2/isoform_analysis/GRCh38_no_alt/align_flnc_bams/results/HG02257.GRCh38_no_alt.flnc.bam.bai
HG02258,male,/vast/palmer/pi/hall/wl474/projects/hprc_r2/isoform_analysis/GRCh38_no_alt/align_flnc_bams/results/HG02258.GRCh38_no_alt.flnc.bam,/vast/palmer/pi/hall/wl474/projects/hprc_r2/isoform_analysis/GRCh38_no_alt/align_flnc_bams/results/HG02258.GRCh38_no_alt.flnc.bam.bai
HG02273,female,/vast/palmer/pi/hall/wl474/projects/hprc_r2/isoform_analysis/GRCh38_no_alt/align_flnc_bams/results/HG02273.GRCh38_no_alt.flnc.bam,/vast/palmer/pi/hall/wl474/projects/hprc_r2/isoform_analysis/GRCh38_no_alt/align_flnc_bams/results/HG02273.GRCh38_no_alt.flnc.bam.bai
HG02280,female,/vast/palmer/pi/hall/wl474/projects/hprc_r2/isoform_analysis/GRCh38_no_alt/align_flnc_bams/results/HG02280.GRCh38_no_alt.flnc.bam,/vast/palmer/pi/hall/wl474/projects/hprc_r2/isoform_analysis/GRCh38_no_alt/align_flnc_bams/results/HG02280.GRCh38_no_alt.flnc.bam.bai
HG02293,female,/vast/palmer/pi/hall/wl474/projects/hprc_r2/isoform_analysis/GRCh38_no_alt/align_flnc_bams/results/HG02293.GRCh38_no_alt.flnc.bam,/vast/palmer/pi/hall/wl474/projects/hprc_r2/isoform_analysis/GRCh38_no_alt/align_flnc_bams/results/HG02293.GRCh38_no_alt.flnc.bam.bai
HG02300,female,/vast/palmer/pi/hall/wl474/projects/hprc_r2/isoform_analysis/GRCh38_no_alt/align_flnc_bams/results/HG02300.GRCh38_no_alt.flnc.bam,/vast/palmer/pi/hall/wl474/projects/hprc_r2/isoform_analysis/GRCh38_no_alt/align_flnc_bams/results/HG02300.GRCh38_no_alt.flnc.bam.bai
HG02391,male,/vast/palmer/pi/hall/wl474/projects/hprc_r2/isoform_analysis/GRCh38_no_alt/align_flnc_bams/results/HG02391.GRCh38_no_alt.flnc.bam,/vast/palmer/pi/hall/wl474/projects/hprc_r2/isoform_analysis/GRCh38_no_alt/align_flnc_bams/results/HG02391.GRCh38_no_alt.flnc.bam.bai
HG02392,male,/vast/palmer/pi/hall/wl474/projects/hprc_r2/isoform_analysis/GRCh38_no_alt/align_flnc_bams/results/HG02392.GRCh38_no_alt.flnc.bam,/vast/palmer/pi/hall/wl474/projects/hprc_r2/isoform_analysis/GRCh38_no_alt/align_flnc_bams/results/HG02392.GRCh38_no_alt.flnc.bam.bai
HG02451,female,/vast/palmer/pi/hall/wl474/projects/hprc_r2/isoform_analysis/GRCh38_no_alt/align_flnc_bams/results/HG02451.GRCh38_no_alt.flnc.bam,/vast/palmer/pi/hall/wl474/projects/hprc_r2/isoform_analysis/GRCh38_no_alt/align_flnc_bams/results/HG02451.GRCh38_no_alt.flnc.bam.bai
HG02514,male,/vast/palmer/pi/hall/wl474/projects/hprc_r2/isoform_analysis/GRCh38_no_alt/align_flnc_bams/results/HG02514.GRCh38_no_alt.flnc.bam,/vast/palmer/pi/hall/wl474/projects/hprc_r2/isoform_analysis/GRCh38_no_alt/align_flnc_bams/results/HG02514.GRCh38_no_alt.flnc.bam.bai
HG02523,female,/vast/palmer/pi/hall/wl474/projects/hprc_r2/isoform_analysis/GRCh38_no_alt/align_flnc_bams/results/HG02523.GRCh38_no_alt.flnc.bam,/vast/palmer/pi/hall/wl474/projects/hprc_r2/isoform_analysis/GRCh38_no_alt/align_flnc_bams/results/HG02523.GRCh38_no_alt.flnc.bam.bai
HG02572,male,/vast/palmer/pi/hall/wl474/projects/hprc_r2/isoform_analysis/GRCh38_no_alt/align_flnc_bams/results/HG02572.GRCh38_no_alt.flnc.bam,/vast/palmer/pi/hall/wl474/projects/hprc_r2/isoform_analysis/GRCh38_no_alt/align_flnc_bams/results/HG02572.GRCh38_no_alt.flnc.bam.bai
HG02583,female,/vast/palmer/pi/hall/wl474/projects/hprc_r2/isoform_analysis/GRCh38_no_alt/align_flnc_bams/results/HG02583.GRCh38_no_alt.flnc.bam,/vast/palmer/pi/hall/wl474/projects/hprc_r2/isoform_analysis/GRCh38_no_alt/align_flnc_bams/results/HG02583.GRCh38_no_alt.flnc.bam.bai
HG02602,male,/vast/palmer/pi/hall/wl474/projects/hprc_r2/isoform_analysis/GRCh38_no_alt/align_flnc_bams/results/HG02602.GRCh38_no_alt.flnc.bam,/vast/palmer/pi/hall/wl474/projects/hprc_r2/isoform_analysis/GRCh38_no_alt/align_flnc_bams/results/HG02602.GRCh38_no_alt.flnc.bam.bai
HG02615,female,/vast/palmer/pi/hall/wl474/projects/hprc_r2/isoform_analysis/GRCh38_no_alt/align_flnc_bams/results/HG02615.GRCh38_no_alt.flnc.bam,/vast/palmer/pi/hall/wl474/projects/hprc_r2/isoform_analysis/GRCh38_no_alt/align_flnc_bams/results/HG02615.GRCh38_no_alt.flnc.bam.bai
HG02622,female,/vast/palmer/pi/hall/wl474/projects/hprc_r2/isoform_analysis/GRCh38_no_alt/align_flnc_bams/results/HG02622.GRCh38_no_alt.flnc.bam,/vast/palmer/pi/hall/wl474/projects/hprc_r2/isoform_analysis/GRCh38_no_alt/align_flnc_bams/results/HG02622.GRCh38_no_alt.flnc.bam.bai
HG02630,female,/vast/palmer/pi/hall/wl474/projects/hprc_r2/isoform_analysis/GRCh38_no_alt/align_flnc_bams/results/HG02630.GRCh38_no_alt.flnc.bam,/vast/palmer/pi/hall/wl474/projects/hprc_r2/isoform_analysis/GRCh38_no_alt/align_flnc_bams/results/HG02630.GRCh38_no_alt.flnc.bam.bai
HG02647,male,/vast/palmer/pi/hall/wl474/projects/hprc_r2/isoform_analysis/GRCh38_no_alt/align_flnc_bams/results/HG02647.GRCh38_no_alt.flnc.bam,/vast/palmer/pi/hall/wl474/projects/hprc_r2/isoform_analysis/GRCh38_no_alt/align_flnc_bams/results/HG02647.GRCh38_no_alt.flnc.bam.bai
HG02668,male,/vast/palmer/pi/hall/wl474/projects/hprc_r2/isoform_analysis/GRCh38_no_alt/align_flnc_bams/results/HG02668.GRCh38_no_alt.flnc.bam,/vast/palmer/pi/hall/wl474/projects/hprc_r2/isoform_analysis/GRCh38_no_alt/align_flnc_bams/results/HG02668.GRCh38_no_alt.flnc.bam.bai
HG02698,male,/vast/palmer/pi/hall/wl474/projects/hprc_r2/isoform_analysis/GRCh38_no_alt/align_flnc_bams/results/HG02698.GRCh38_no_alt.flnc.bam,/vast/palmer/pi/hall/wl474/projects/hprc_r2/isoform_analysis/GRCh38_no_alt/align_flnc_bams/results/HG02698.GRCh38_no_alt.flnc.bam.bai
HG02717,male,/vast/palmer/pi/hall/wl474/projects/hprc_r2/isoform_analysis/GRCh38_no_alt/align_flnc_bams/results/HG02717.GRCh38_no_alt.flnc.bam,/vast/palmer/pi/hall/wl474/projects/hprc_r2/isoform_analysis/GRCh38_no_alt/align_flnc_bams/results/HG02717.GRCh38_no_alt.flnc.bam.bai
HG02735,male,/vast/palmer/pi/hall/wl474/projects/hprc_r2/isoform_analysis/GRCh38_no_alt/align_flnc_bams/results/HG02735.GRCh38_no_alt.flnc.bam,/vast/palmer/pi/hall/wl474/projects/hprc_r2/isoform_analysis/GRCh38_no_alt/align_flnc_bams/results/HG02735.GRCh38_no_alt.flnc.bam.bai
HG02738,male,/vast/palmer/pi/hall/wl474/projects/hprc_r2/isoform_analysis/GRCh38_no_alt/align_flnc_bams/results/HG02738.GRCh38_no_alt.flnc.bam,/vast/palmer/pi/hall/wl474/projects/hprc_r2/isoform_analysis/GRCh38_no_alt/align_flnc_bams/results/HG02738.GRCh38_no_alt.flnc.bam.bai
HG02809,female,/vast/palmer/pi/hall/wl474/projects/hprc_r2/isoform_analysis/GRCh38_no_alt/align_flnc_bams/results/HG02809.GRCh38_no_alt.flnc.bam,/vast/palmer/pi/hall/wl474/projects/hprc_r2/isoform_analysis/GRCh38_no_alt/align_flnc_bams/results/HG02809.GRCh38_no_alt.flnc.bam.bai
HG02841,female,/vast/palmer/pi/hall/wl474/projects/hprc_r2/isoform_analysis/GRCh38_no_alt/align_flnc_bams/results/HG02841.GRCh38_no_alt.flnc.bam,/vast/palmer/pi/hall/wl474/projects/hprc_r2/isoform_analysis/GRCh38_no_alt/align_flnc_bams/results/HG02841.GRCh38_no_alt.flnc.bam.bai
HG02886,female,/vast/palmer/pi/hall/wl474/projects/hprc_r2/isoform_analysis/GRCh38_no_alt/align_flnc_bams/results/HG02886.GRCh38_no_alt.flnc.bam,/vast/palmer/pi/hall/wl474/projects/hprc_r2/isoform_analysis/GRCh38_no_alt/align_flnc_bams/results/HG02886.GRCh38_no_alt.flnc.bam.bai
HG02922,female,/vast/palmer/pi/hall/wl474/projects/hprc_r2/isoform_analysis/GRCh38_no_alt/align_flnc_bams/results/HG02922.GRCh38_no_alt.flnc.bam,/vast/palmer/pi/hall/wl474/projects/hprc_r2/isoform_analysis/GRCh38_no_alt/align_flnc_bams/results/HG02922.GRCh38_no_alt.flnc.bam.bai
HG02965,male,/vast/palmer/pi/hall/wl474/projects/hprc_r2/isoform_analysis/GRCh38_no_alt/align_flnc_bams/results/HG02965.GRCh38_no_alt.flnc.bam,/vast/palmer/pi/hall/wl474/projects/hprc_r2/isoform_analysis/GRCh38_no_alt/align_flnc_bams/results/HG02965.GRCh38_no_alt.flnc.bam.bai
HG02976,female,/vast/palmer/pi/hall/wl474/projects/hprc_r2/isoform_analysis/GRCh38_no_alt/align_flnc_bams/results/HG02976.GRCh38_no_alt.flnc.bam,/vast/palmer/pi/hall/wl474/projects/hprc_r2/isoform_analysis/GRCh38_no_alt/align_flnc_bams/results/HG02976.GRCh38_no_alt.flnc.bam.bai
HG02984,male,/vast/palmer/pi/hall/wl474/projects/hprc_r2/isoform_analysis/GRCh38_no_alt/align_flnc_bams/results/HG02984.GRCh38_no_alt.flnc.bam,/vast/palmer/pi/hall/wl474/projects/hprc_r2/isoform_analysis/GRCh38_no_alt/align_flnc_bams/results/HG02984.GRCh38_no_alt.flnc.bam.bai
HG03017,male,/vast/palmer/pi/hall/wl474/projects/hprc_r2/isoform_analysis/GRCh38_no_alt/align_flnc_bams/results/HG03017.GRCh38_no_alt.flnc.bam,/vast/palmer/pi/hall/wl474/projects/hprc_r2/isoform_analysis/GRCh38_no_alt/align_flnc_bams/results/HG03017.GRCh38_no_alt.flnc.bam.bai
HG03041,female,/vast/palmer/pi/hall/wl474/projects/hprc_r2/isoform_analysis/GRCh38_no_alt/align_flnc_bams/results/HG03041.GRCh38_no_alt.flnc.bam,/vast/palmer/pi/hall/wl474/projects/hprc_r2/isoform_analysis/GRCh38_no_alt/align_flnc_bams/results/HG03041.GRCh38_no_alt.flnc.bam.bai
HG03050,male,/vast/palmer/pi/hall/wl474/projects/hprc_r2/isoform_analysis/GRCh38_no_alt/align_flnc_bams/results/HG03050.GRCh38_no_alt.flnc.bam,/vast/palmer/pi/hall/wl474/projects/hprc_r2/isoform_analysis/GRCh38_no_alt/align_flnc_bams/results/HG03050.GRCh38_no_alt.flnc.bam.bai
HG03130,male,/vast/palmer/pi/hall/wl474/projects/hprc_r2/isoform_analysis/GRCh38_no_alt/align_flnc_bams/results/HG03130.GRCh38_no_alt.flnc.bam,/vast/palmer/pi/hall/wl474/projects/hprc_r2/isoform_analysis/GRCh38_no_alt/align_flnc_bams/results/HG03130.GRCh38_no_alt.flnc.bam.bai
HG03139,male,/vast/palmer/pi/hall/wl474/projects/hprc_r2/isoform_analysis/GRCh38_no_alt/align_flnc_bams/results/HG03139.GRCh38_no_alt.flnc.bam,/vast/palmer/pi/hall/wl474/projects/hprc_r2/isoform_analysis/GRCh38_no_alt/align_flnc_bams/results/HG03139.GRCh38_no_alt.flnc.bam.bai
HG03195,female,/vast/palmer/pi/hall/wl474/projects/hprc_r2/isoform_analysis/GRCh38_no_alt/align_flnc_bams/results/HG03195.GRCh38_no_alt.flnc.bam,/vast/palmer/pi/hall/wl474/projects/hprc_r2/isoform_analysis/GRCh38_no_alt/align_flnc_bams/results/HG03195.GRCh38_no_alt.flnc.bam.bai
HG03209,male,/vast/palmer/pi/hall/wl474/projects/hprc_r2/isoform_analysis/GRCh38_no_alt/align_flnc_bams/results/HG03209.GRCh38_no_alt.flnc.bam,/vast/palmer/pi/hall/wl474/projects/hprc_r2/isoform_analysis/GRCh38_no_alt/align_flnc_bams/results/HG03209.GRCh38_no_alt.flnc.bam.bai
HG03225,male,/vast/palmer/pi/hall/wl474/projects/hprc_r2/isoform_analysis/GRCh38_no_alt/align_flnc_bams/results/HG03225.GRCh38_no_alt.flnc.bam,/vast/palmer/pi/hall/wl474/projects/hprc_r2/isoform_analysis/GRCh38_no_alt/align_flnc_bams/results/HG03225.GRCh38_no_alt.flnc.bam.bai
HG03239,female,/vast/palmer/pi/hall/wl474/projects/hprc_r2/isoform_analysis/GRCh38_no_alt/align_flnc_bams/results/HG03239.GRCh38_no_alt.flnc.bam,/vast/palmer/pi/hall/wl474/projects/hprc_r2/isoform_analysis/GRCh38_no_alt/align_flnc_bams/results/HG03239.GRCh38_no_alt.flnc.bam.bai
HG03270,female,/vast/palmer/pi/hall/wl474/projects/hprc_r2/isoform_analysis/GRCh38_no_alt/align_flnc_bams/results/HG03270.GRCh38_no_alt.flnc.bam,/vast/palmer/pi/hall/wl474/projects/hprc_r2/isoform_analysis/GRCh38_no_alt/align_flnc_bams/results/HG03270.GRCh38_no_alt.flnc.bam.bai
HG03369,female,/vast/palmer/pi/hall/wl474/projects/hprc_r2/isoform_analysis/GRCh38_no_alt/align_flnc_bams/results/HG03369.GRCh38_no_alt.flnc.bam,/vast/palmer/pi/hall/wl474/projects/hprc_r2/isoform_analysis/GRCh38_no_alt/align_flnc_bams/results/HG03369.GRCh38_no_alt.flnc.bam.bai
HG03453,female,/vast/palmer/pi/hall/wl474/projects/hprc_r2/isoform_analysis/GRCh38_no_alt/align_flnc_bams/results/HG03453.GRCh38_no_alt.flnc.bam,/vast/palmer/pi/hall/wl474/projects/hprc_r2/isoform_analysis/GRCh38_no_alt/align_flnc_bams/results/HG03453.GRCh38_no_alt.flnc.bam.bai
HG03470,female,/vast/palmer/pi/hall/wl474/projects/hprc_r2/isoform_analysis/GRCh38_no_alt/align_flnc_bams/results/HG03470.GRCh38_no_alt.flnc.bam,/vast/palmer/pi/hall/wl474/projects/hprc_r2/isoform_analysis/GRCh38_no_alt/align_flnc_bams/results/HG03470.GRCh38_no_alt.flnc.bam.bai
HG03516,female,/vast/palmer/pi/hall/wl474/projects/hprc_r2/isoform_analysis/GRCh38_no_alt/align_flnc_bams/results/HG03516.GRCh38_no_alt.flnc.bam,/vast/palmer/pi/hall/wl474/projects/hprc_r2/isoform_analysis/GRCh38_no_alt/align_flnc_bams/results/HG03516.GRCh38_no_alt.flnc.bam.bai
HG03521,male,/vast/palmer/pi/hall/wl474/projects/hprc_r2/isoform_analysis/GRCh38_no_alt/align_flnc_bams/results/HG03521.GRCh38_no_alt.flnc.bam,/vast/palmer/pi/hall/wl474/projects/hprc_r2/isoform_analysis/GRCh38_no_alt/align_flnc_bams/results/HG03521.GRCh38_no_alt.flnc.bam.bai
HG03540,female,/vast/palmer/pi/hall/wl474/projects/hprc_r2/isoform_analysis/GRCh38_no_alt/align_flnc_bams/results/HG03540.GRCh38_no_alt.flnc.bam,/vast/palmer/pi/hall/wl474/projects/hprc_r2/isoform_analysis/GRCh38_no_alt/align_flnc_bams/results/HG03540.GRCh38_no_alt.flnc.bam.bai
HG03579,male,/vast/palmer/pi/hall/wl474/projects/hprc_r2/isoform_analysis/GRCh38_no_alt/align_flnc_bams/results/HG03579.GRCh38_no_alt.flnc.bam,/vast/palmer/pi/hall/wl474/projects/hprc_r2/isoform_analysis/GRCh38_no_alt/align_flnc_bams/results/HG03579.GRCh38_no_alt.flnc.bam.bai
HG03583,female,/vast/palmer/pi/hall/wl474/projects/hprc_r2/isoform_analysis/GRCh38_no_alt/align_flnc_bams/results/HG03583.GRCh38_no_alt.flnc.bam,/vast/palmer/pi/hall/wl474/projects/hprc_r2/isoform_analysis/GRCh38_no_alt/align_flnc_bams/results/HG03583.GRCh38_no_alt.flnc.bam.bai
HG03654,male,/vast/palmer/pi/hall/wl474/projects/hprc_r2/isoform_analysis/GRCh38_no_alt/align_flnc_bams/results/HG03654.GRCh38_no_alt.flnc.bam,/vast/palmer/pi/hall/wl474/projects/hprc_r2/isoform_analysis/GRCh38_no_alt/align_flnc_bams/results/HG03654.GRCh38_no_alt.flnc.bam.bai
HG03669,female,/vast/palmer/pi/hall/wl474/projects/hprc_r2/isoform_analysis/GRCh38_no_alt/align_flnc_bams/results/HG03669.GRCh38_no_alt.flnc.bam,/vast/palmer/pi/hall/wl474/projects/hprc_r2/isoform_analysis/GRCh38_no_alt/align_flnc_bams/results/HG03669.GRCh38_no_alt.flnc.bam.bai
HG03688,male,/vast/palmer/pi/hall/wl474/projects/hprc_r2/isoform_analysis/GRCh38_no_alt/align_flnc_bams/results/HG03688.GRCh38_no_alt.flnc.bam,/vast/palmer/pi/hall/wl474/projects/hprc_r2/isoform_analysis/GRCh38_no_alt/align_flnc_bams/results/HG03688.GRCh38_no_alt.flnc.bam.bai
HG03704,female,/vast/palmer/pi/hall/wl474/projects/hprc_r2/isoform_analysis/GRCh38_no_alt/align_flnc_bams/results/HG03704.GRCh38_no_alt.flnc.bam,/vast/palmer/pi/hall/wl474/projects/hprc_r2/isoform_analysis/GRCh38_no_alt/align_flnc_bams/results/HG03704.GRCh38_no_alt.flnc.bam.bai
HG03710,male,/vast/palmer/pi/hall/wl474/projects/hprc_r2/isoform_analysis/GRCh38_no_alt/align_flnc_bams/results/HG03710.GRCh38_no_alt.flnc.bam,/vast/palmer/pi/hall/wl474/projects/hprc_r2/isoform_analysis/GRCh38_no_alt/align_flnc_bams/results/HG03710.GRCh38_no_alt.flnc.bam.bai
HG03742,male,/vast/palmer/pi/hall/wl474/projects/hprc_r2/isoform_analysis/GRCh38_no_alt/align_flnc_bams/results/HG03742.GRCh38_no_alt.flnc.bam,/vast/palmer/pi/hall/wl474/projects/hprc_r2/isoform_analysis/GRCh38_no_alt/align_flnc_bams/results/HG03742.GRCh38_no_alt.flnc.bam.bai
HG03784,female,/vast/palmer/pi/hall/wl474/projects/hprc_r2/isoform_analysis/GRCh38_no_alt/align_flnc_bams/results/HG03784.GRCh38_no_alt.flnc.bam,/vast/palmer/pi/hall/wl474/projects/hprc_r2/isoform_analysis/GRCh38_no_alt/align_flnc_bams/results/HG03784.GRCh38_no_alt.flnc.bam.bai
HG03804,female,/vast/palmer/pi/hall/wl474/projects/hprc_r2/isoform_analysis/GRCh38_no_alt/align_flnc_bams/results/HG03804.GRCh38_no_alt.flnc.bam,/vast/palmer/pi/hall/wl474/projects/hprc_r2/isoform_analysis/GRCh38_no_alt/align_flnc_bams/results/HG03804.GRCh38_no_alt.flnc.bam.bai
HG03816,female,/vast/palmer/pi/hall/wl474/projects/hprc_r2/isoform_analysis/GRCh38_no_alt/align_flnc_bams/results/HG03816.GRCh38_no_alt.flnc.bam,/vast/palmer/pi/hall/wl474/projects/hprc_r2/isoform_analysis/GRCh38_no_alt/align_flnc_bams/results/HG03816.GRCh38_no_alt.flnc.bam.bai
HG03831,female,/vast/palmer/pi/hall/wl474/projects/hprc_r2/isoform_analysis/GRCh38_no_alt/align_flnc_bams/results/HG03831.GRCh38_no_alt.flnc.bam,/vast/palmer/pi/hall/wl474/projects/hprc_r2/isoform_analysis/GRCh38_no_alt/align_flnc_bams/results/HG03831.GRCh38_no_alt.flnc.bam.bai
HG03834,female,/vast/palmer/pi/hall/wl474/projects/hprc_r2/isoform_analysis/GRCh38_no_alt/align_flnc_bams/results/HG03834.GRCh38_no_alt.flnc.bam,/vast/palmer/pi/hall/wl474/projects/hprc_r2/isoform_analysis/GRCh38_no_alt/align_flnc_bams/results/HG03834.GRCh38_no_alt.flnc.bam.bai
HG03874,female,/vast/palmer/pi/hall/wl474/projects/hprc_r2/isoform_analysis/GRCh38_no_alt/align_flnc_bams/results/HG03874.GRCh38_no_alt.flnc.bam,/vast/palmer/pi/hall/wl474/projects/hprc_r2/isoform_analysis/GRCh38_no_alt/align_flnc_bams/results/HG03874.GRCh38_no_alt.flnc.bam.bai
HG03927,female,/vast/palmer/pi/hall/wl474/projects/hprc_r2/isoform_analysis/GRCh38_no_alt/align_flnc_bams/results/HG03927.GRCh38_no_alt.flnc.bam,/vast/palmer/pi/hall/wl474/projects/hprc_r2/isoform_analysis/GRCh38_no_alt/align_flnc_bams/results/HG03927.GRCh38_no_alt.flnc.bam.bai
HG03942,male,/vast/palmer/pi/hall/wl474/projects/hprc_r2/isoform_analysis/GRCh38_no_alt/align_flnc_bams/results/HG03942.GRCh38_no_alt.flnc.bam,/vast/palmer/pi/hall/wl474/projects/hprc_r2/isoform_analysis/GRCh38_no_alt/align_flnc_bams/results/HG03942.GRCh38_no_alt.flnc.bam.bai
HG04115,male,/vast/palmer/pi/hall/wl474/projects/hprc_r2/isoform_analysis/GRCh38_no_alt/align_flnc_bams/results/HG04115.GRCh38_no_alt.flnc.bam,/vast/palmer/pi/hall/wl474/projects/hprc_r2/isoform_analysis/GRCh38_no_alt/align_flnc_bams/results/HG04115.GRCh38_no_alt.flnc.bam.bai
HG04157,male,/vast/palmer/pi/hall/wl474/projects/hprc_r2/isoform_analysis/GRCh38_no_alt/align_flnc_bams/results/HG04157.GRCh38_no_alt.flnc.bam,/vast/palmer/pi/hall/wl474/projects/hprc_r2/isoform_analysis/GRCh38_no_alt/align_flnc_bams/results/HG04157.GRCh38_no_alt.flnc.bam.bai
HG04160,male,/vast/palmer/pi/hall/wl474/projects/hprc_r2/isoform_analysis/GRCh38_no_alt/align_flnc_bams/results/HG04160.GRCh38_no_alt.flnc.bam,/vast/palmer/pi/hall/wl474/projects/hprc_r2/isoform_analysis/GRCh38_no_alt/align_flnc_bams/results/HG04160.GRCh38_no_alt.flnc.bam.bai
HG04184,female,/vast/palmer/pi/hall/wl474/projects/hprc_r2/isoform_analysis/GRCh38_no_alt/align_flnc_bams/results/HG04184.GRCh38_no_alt.flnc.bam,/vast/palmer/pi/hall/wl474/projects/hprc_r2/isoform_analysis/GRCh38_no_alt/align_flnc_bams/results/HG04184.GRCh38_no_alt.flnc.bam.bai
HG04187,male,/vast/palmer/pi/hall/wl474/projects/hprc_r2/isoform_analysis/GRCh38_no_alt/align_flnc_bams/results/HG04187.GRCh38_no_alt.flnc.bam,/vast/palmer/pi/hall/wl474/projects/hprc_r2/isoform_analysis/GRCh38_no_alt/align_flnc_bams/results/HG04187.GRCh38_no_alt.flnc.bam.bai
HG04199,male,/vast/palmer/pi/hall/wl474/projects/hprc_r2/isoform_analysis/GRCh38_no_alt/align_flnc_bams/results/HG04199.GRCh38_no_alt.flnc.bam,/vast/palmer/pi/hall/wl474/projects/hprc_r2/isoform_analysis/GRCh38_no_alt/align_flnc_bams/results/HG04199.GRCh38_no_alt.flnc.bam.bai
HG04204,male,/vast/palmer/pi/hall/wl474/projects/hprc_r2/isoform_analysis/GRCh38_no_alt/align_flnc_bams/results/HG04204.GRCh38_no_alt.flnc.bam,/vast/palmer/pi/hall/wl474/projects/hprc_r2/isoform_analysis/GRCh38_no_alt/align_flnc_bams/results/HG04204.GRCh38_no_alt.flnc.bam.bai
HG04228,male,/vast/palmer/pi/hall/wl474/projects/hprc_r2/isoform_analysis/GRCh38_no_alt/align_flnc_bams/results/HG04228.GRCh38_no_alt.flnc.bam,/vast/palmer/pi/hall/wl474/projects/hprc_r2/isoform_analysis/GRCh38_no_alt/align_flnc_bams/results/HG04228.GRCh38_no_alt.flnc.bam.bai
NA18505,female,/vast/palmer/pi/hall/wl474/projects/hprc_r2/isoform_analysis/GRCh38_no_alt/align_flnc_bams/results/NA18505.GRCh38_no_alt.flnc.bam,/vast/palmer/pi/hall/wl474/projects/hprc_r2/isoform_analysis/GRCh38_no_alt/align_flnc_bams/results/NA18505.GRCh38_no_alt.flnc.bam.bai
NA18508,female,/vast/palmer/pi/hall/wl474/projects/hprc_r2/isoform_analysis/GRCh38_no_alt/align_flnc_bams/results/NA18508.GRCh38_no_alt.flnc.bam,/vast/palmer/pi/hall/wl474/projects/hprc_r2/isoform_analysis/GRCh38_no_alt/align_flnc_bams/results/NA18508.GRCh38_no_alt.flnc.bam.bai
NA18522,male,/vast/palmer/pi/hall/wl474/projects/hprc_r2/isoform_analysis/GRCh38_no_alt/align_flnc_bams/results/NA18522.GRCh38_no_alt.flnc.bam,/vast/palmer/pi/hall/wl474/projects/hprc_r2/isoform_analysis/GRCh38_no_alt/align_flnc_bams/results/NA18522.GRCh38_no_alt.flnc.bam.bai
NA18565,female,/vast/palmer/pi/hall/wl474/projects/hprc_r2/isoform_analysis/GRCh38_no_alt/align_flnc_bams/results/NA18565.GRCh38_no_alt.flnc.bam,/vast/palmer/pi/hall/wl474/projects/hprc_r2/isoform_analysis/GRCh38_no_alt/align_flnc_bams/results/NA18565.GRCh38_no_alt.flnc.bam.bai
NA18570,female,/vast/palmer/pi/hall/wl474/projects/hprc_r2/isoform_analysis/GRCh38_no_alt/align_flnc_bams/results/NA18570.GRCh38_no_alt.flnc.bam,/vast/palmer/pi/hall/wl474/projects/hprc_r2/isoform_analysis/GRCh38_no_alt/align_flnc_bams/results/NA18570.GRCh38_no_alt.flnc.bam.bai
NA18608,male,/vast/palmer/pi/hall/wl474/projects/hprc_r2/isoform_analysis/GRCh38_no_alt/align_flnc_bams/results/NA18608.GRCh38_no_alt.flnc.bam,/vast/palmer/pi/hall/wl474/projects/hprc_r2/isoform_analysis/GRCh38_no_alt/align_flnc_bams/results/NA18608.GRCh38_no_alt.flnc.bam.bai
NA18620,male,/vast/palmer/pi/hall/wl474/projects/hprc_r2/isoform_analysis/GRCh38_no_alt/align_flnc_bams/results/NA18620.GRCh38_no_alt.flnc.bam,/vast/palmer/pi/hall/wl474/projects/hprc_r2/isoform_analysis/GRCh38_no_alt/align_flnc_bams/results/NA18620.GRCh38_no_alt.flnc.bam.bai
NA18747,male,/vast/palmer/pi/hall/wl474/projects/hprc_r2/isoform_analysis/GRCh38_no_alt/align_flnc_bams/results/NA18747.GRCh38_no_alt.flnc.bam,/vast/palmer/pi/hall/wl474/projects/hprc_r2/isoform_analysis/GRCh38_no_alt/align_flnc_bams/results/NA18747.GRCh38_no_alt.flnc.bam.bai
NA18879,male,/vast/palmer/pi/hall/wl474/projects/hprc_r2/isoform_analysis/GRCh38_no_alt/align_flnc_bams/results/NA18879.GRCh38_no_alt.flnc.bam,/vast/palmer/pi/hall/wl474/projects/hprc_r2/isoform_analysis/GRCh38_no_alt/align_flnc_bams/results/NA18879.GRCh38_no_alt.flnc.bam.bai
NA18952,male,/vast/palmer/pi/hall/wl474/projects/hprc_r2/isoform_analysis/GRCh38_no_alt/align_flnc_bams/results/NA18952.GRCh38_no_alt.flnc.bam,/vast/palmer/pi/hall/wl474/projects/hprc_r2/isoform_analysis/GRCh38_no_alt/align_flnc_bams/results/NA18952.GRCh38_no_alt.flnc.bam.bai
NA18967,male,/vast/palmer/pi/hall/wl474/projects/hprc_r2/isoform_analysis/GRCh38_no_alt/align_flnc_bams/results/NA18967.GRCh38_no_alt.flnc.bam,/vast/palmer/pi/hall/wl474/projects/hprc_r2/isoform_analysis/GRCh38_no_alt/align_flnc_bams/results/NA18967.GRCh38_no_alt.flnc.bam.bai
NA18970,male,/vast/palmer/pi/hall/wl474/projects/hprc_r2/isoform_analysis/GRCh38_no_alt/align_flnc_bams/results/NA18970.GRCh38_no_alt.flnc.bam,/vast/palmer/pi/hall/wl474/projects/hprc_r2/isoform_analysis/GRCh38_no_alt/align_flnc_bams/results/NA18970.GRCh38_no_alt.flnc.bam.bai
NA18971,male,/vast/palmer/pi/hall/wl474/projects/hprc_r2/isoform_analysis/GRCh38_no_alt/align_flnc_bams/results/NA18971.GRCh38_no_alt.flnc.bam,/vast/palmer/pi/hall/wl474/projects/hprc_r2/isoform_analysis/GRCh38_no_alt/align_flnc_bams/results/NA18971.GRCh38_no_alt.flnc.bam.bai
NA18974,male,/vast/palmer/pi/hall/wl474/projects/hprc_r2/isoform_analysis/GRCh38_no_alt/align_flnc_bams/results/NA18974.GRCh38_no_alt.flnc.bam,/vast/palmer/pi/hall/wl474/projects/hprc_r2/isoform_analysis/GRCh38_no_alt/align_flnc_bams/results/NA18974.GRCh38_no_alt.flnc.bam.bai
NA18976,female,/vast/palmer/pi/hall/wl474/projects/hprc_r2/isoform_analysis/GRCh38_no_alt/align_flnc_bams/results/NA18976.GRCh38_no_alt.flnc.bam,/vast/palmer/pi/hall/wl474/projects/hprc_r2/isoform_analysis/GRCh38_no_alt/align_flnc_bams/results/NA18976.GRCh38_no_alt.flnc.bam.bai
NA18983,male,/vast/palmer/pi/hall/wl474/projects/hprc_r2/isoform_analysis/GRCh38_no_alt/align_flnc_bams/results/NA18983.GRCh38_no_alt.flnc.bam,/vast/palmer/pi/hall/wl474/projects/hprc_r2/isoform_analysis/GRCh38_no_alt/align_flnc_bams/results/NA18983.GRCh38_no_alt.flnc.bam.bai
NA19036,female,/vast/palmer/pi/hall/wl474/projects/hprc_r2/isoform_analysis/GRCh38_no_alt/align_flnc_bams/results/NA19036.GRCh38_no_alt.flnc.bam,/vast/palmer/pi/hall/wl474/projects/hprc_r2/isoform_analysis/GRCh38_no_alt/align_flnc_bams/results/NA19036.GRCh38_no_alt.flnc.bam.bai
NA19043,male,/vast/palmer/pi/hall/wl474/projects/hprc_r2/isoform_analysis/GRCh38_no_alt/align_flnc_bams/results/NA19043.GRCh38_no_alt.flnc.bam,/vast/palmer/pi/hall/wl474/projects/hprc_r2/isoform_analysis/GRCh38_no_alt/align_flnc_bams/results/NA19043.GRCh38_no_alt.flnc.bam.bai
NA19087,female,/vast/palmer/pi/hall/wl474/projects/hprc_r2/isoform_analysis/GRCh38_no_alt/align_flnc_bams/results/NA19087.GRCh38_no_alt.flnc.bam,/vast/palmer/pi/hall/wl474/projects/hprc_r2/isoform_analysis/GRCh38_no_alt/align_flnc_bams/results/NA19087.GRCh38_no_alt.flnc.bam.bai
NA19159,female,/vast/palmer/pi/hall/wl474/projects/hprc_r2/isoform_analysis/GRCh38_no_alt/align_flnc_bams/results/NA19159.GRCh38_no_alt.flnc.bam,/vast/palmer/pi/hall/wl474/projects/hprc_r2/isoform_analysis/GRCh38_no_alt/align_flnc_bams/results/NA19159.GRCh38_no_alt.flnc.bam.bai
NA19185,female,/vast/palmer/pi/hall/wl474/projects/hprc_r2/isoform_analysis/GRCh38_no_alt/align_flnc_bams/results/NA19185.GRCh38_no_alt.flnc.bam,/vast/palmer/pi/hall/wl474/projects/hprc_r2/isoform_analysis/GRCh38_no_alt/align_flnc_bams/results/NA19185.GRCh38_no_alt.flnc.bam.bai
NA19338,female,/vast/palmer/pi/hall/wl474/projects/hprc_r2/isoform_analysis/GRCh38_no_alt/align_flnc_bams/results/NA19338.GRCh38_no_alt.flnc.bam,/vast/palmer/pi/hall/wl474/projects/hprc_r2/isoform_analysis/GRCh38_no_alt/align_flnc_bams/results/NA19338.GRCh38_no_alt.flnc.bam.bai
NA19391,female,/vast/palmer/pi/hall/wl474/projects/hprc_r2/isoform_analysis/GRCh38_no_alt/align_flnc_bams/results/NA19391.GRCh38_no_alt.flnc.bam,/vast/palmer/pi/hall/wl474/projects/hprc_r2/isoform_analysis/GRCh38_no_alt/align_flnc_bams/results/NA19391.GRCh38_no_alt.flnc.bam.bai
NA19443,male,/vast/palmer/pi/hall/wl474/projects/hprc_r2/isoform_analysis/GRCh38_no_alt/align_flnc_bams/results/NA19443.GRCh38_no_alt.flnc.bam,/vast/palmer/pi/hall/wl474/projects/hprc_r2/isoform_analysis/GRCh38_no_alt/align_flnc_bams/results/NA19443.GRCh38_no_alt.flnc.bam.bai
NA19468,female,/vast/palmer/pi/hall/wl474/projects/hprc_r2/isoform_analysis/GRCh38_no_alt/align_flnc_bams/results/NA19468.GRCh38_no_alt.flnc.bam,/vast/palmer/pi/hall/wl474/projects/hprc_r2/isoform_analysis/GRCh38_no_alt/align_flnc_bams/results/NA19468.GRCh38_no_alt.flnc.bam.bai
NA19682,male,/vast/palmer/pi/hall/wl474/projects/hprc_r2/isoform_analysis/GRCh38_no_alt/align_flnc_bams/results/NA19682.GRCh38_no_alt.flnc.bam,/vast/palmer/pi/hall/wl474/projects/hprc_r2/isoform_analysis/GRCh38_no_alt/align_flnc_bams/results/NA19682.GRCh38_no_alt.flnc.bam.bai
NA19700,male,/vast/palmer/pi/hall/wl474/projects/hprc_r2/isoform_analysis/GRCh38_no_alt/align_flnc_bams/results/NA19700.GRCh38_no_alt.flnc.bam,/vast/palmer/pi/hall/wl474/projects/hprc_r2/isoform_analysis/GRCh38_no_alt/align_flnc_bams/results/NA19700.GRCh38_no_alt.flnc.bam.bai
NA19776,female,/vast/palmer/pi/hall/wl474/projects/hprc_r2/isoform_analysis/GRCh38_no_alt/align_flnc_bams/results/NA19776.GRCh38_no_alt.flnc.bam,/vast/palmer/pi/hall/wl474/projects/hprc_r2/isoform_analysis/GRCh38_no_alt/align_flnc_bams/results/NA19776.GRCh38_no_alt.flnc.bam.bai
NA19835,female,/vast/palmer/pi/hall/wl474/projects/hprc_r2/isoform_analysis/GRCh38_no_alt/align_flnc_bams/results/NA19835.GRCh38_no_alt.flnc.bam,/vast/palmer/pi/hall/wl474/projects/hprc_r2/isoform_analysis/GRCh38_no_alt/align_flnc_bams/results/NA19835.GRCh38_no_alt.flnc.bam.bai
NA19909,female,/vast/palmer/pi/hall/wl474/projects/hprc_r2/isoform_analysis/GRCh38_no_alt/align_flnc_bams/results/NA19909.GRCh38_no_alt.flnc.bam,/vast/palmer/pi/hall/wl474/projects/hprc_r2/isoform_analysis/GRCh38_no_alt/align_flnc_bams/results/NA19909.GRCh38_no_alt.flnc.bam.bai
NA20282,female,/vast/palmer/pi/hall/wl474/projects/hprc_r2/isoform_analysis/GRCh38_no_alt/align_flnc_bams/results/NA20282.GRCh38_no_alt.flnc.bam,/vast/palmer/pi/hall/wl474/projects/hprc_r2/isoform_analysis/GRCh38_no_alt/align_flnc_bams/results/NA20282.GRCh38_no_alt.flnc.bam.bai
NA20346,male,/vast/palmer/pi/hall/wl474/projects/hprc_r2/isoform_analysis/GRCh38_no_alt/align_flnc_bams/results/NA20346.GRCh38_no_alt.flnc.bam,/vast/palmer/pi/hall/wl474/projects/hprc_r2/isoform_analysis/GRCh38_no_alt/align_flnc_bams/results/NA20346.GRCh38_no_alt.flnc.bam.bai
NA20503,female,/vast/palmer/pi/hall/wl474/projects/hprc_r2/isoform_analysis/GRCh38_no_alt/align_flnc_bams/results/NA20503.GRCh38_no_alt.flnc.bam,/vast/palmer/pi/hall/wl474/projects/hprc_r2/isoform_analysis/GRCh38_no_alt/align_flnc_bams/results/NA20503.GRCh38_no_alt.flnc.bam.bai
NA20752,male,/vast/palmer/pi/hall/wl474/projects/hprc_r2/isoform_analysis/GRCh38_no_alt/align_flnc_bams/results/NA20752.GRCh38_no_alt.flnc.bam,/vast/palmer/pi/hall/wl474/projects/hprc_r2/isoform_analysis/GRCh38_no_alt/align_flnc_bams/results/NA20752.GRCh38_no_alt.flnc.bam.bai
NA20762,male,/vast/palmer/pi/hall/wl474/projects/hprc_r2/isoform_analysis/GRCh38_no_alt/align_flnc_bams/results/NA20762.GRCh38_no_alt.flnc.bam,/vast/palmer/pi/hall/wl474/projects/hprc_r2/isoform_analysis/GRCh38_no_alt/align_flnc_bams/results/NA20762.GRCh38_no_alt.flnc.bam.bai
NA20799,female,/vast/palmer/pi/hall/wl474/projects/hprc_r2/isoform_analysis/GRCh38_no_alt/align_flnc_bams/results/NA20799.GRCh38_no_alt.flnc.bam,/vast/palmer/pi/hall/wl474/projects/hprc_r2/isoform_analysis/GRCh38_no_alt/align_flnc_bams/results/NA20799.GRCh38_no_alt.flnc.bam.bai
NA20805,male,/vast/palmer/pi/hall/wl474/projects/hprc_r2/isoform_analysis/GRCh38_no_alt/align_flnc_bams/results/NA20805.GRCh38_no_alt.flnc.bam,/vast/palmer/pi/hall/wl474/projects/hprc_r2/isoform_analysis/GRCh38_no_alt/align_flnc_bams/results/NA20805.GRCh38_no_alt.flnc.bam.bai
NA20806,male,/vast/palmer/pi/hall/wl474/projects/hprc_r2/isoform_analysis/GRCh38_no_alt/align_flnc_bams/results/NA20806.GRCh38_no_alt.flnc.bam,/vast/palmer/pi/hall/wl474/projects/hprc_r2/isoform_analysis/GRCh38_no_alt/align_flnc_bams/results/NA20806.GRCh38_no_alt.flnc.bam.bai
NA20809,male,/vast/palmer/pi/hall/wl474/projects/hprc_r2/isoform_analysis/GRCh38_no_alt/align_flnc_bams/results/NA20809.GRCh38_no_alt.flnc.bam,/vast/palmer/pi/hall/wl474/projects/hprc_r2/isoform_analysis/GRCh38_no_alt/align_flnc_bams/results/NA20809.GRCh38_no_alt.flnc.bam.bai
NA20827,male,/vast/palmer/pi/hall/wl474/projects/hprc_r2/isoform_analysis/GRCh38_no_alt/align_flnc_bams/results/NA20827.GRCh38_no_alt.flnc.bam,/vast/palmer/pi/hall/wl474/projects/hprc_r2/isoform_analysis/GRCh38_no_alt/align_flnc_bams/results/NA20827.GRCh38_no_alt.flnc.bam.bai
NA20850,male,/vast/palmer/pi/hall/wl474/projects/hprc_r2/isoform_analysis/GRCh38_no_alt/align_flnc_bams/results/NA20850.GRCh38_no_alt.flnc.bam,/vast/palmer/pi/hall/wl474/projects/hprc_r2/isoform_analysis/GRCh38_no_alt/align_flnc_bams/results/NA20850.GRCh38_no_alt.flnc.bam.bai
NA20870,male,/vast/palmer/pi/hall/wl474/projects/hprc_r2/isoform_analysis/GRCh38_no_alt/align_flnc_bams/results/NA20870.GRCh38_no_alt.flnc.bam,/vast/palmer/pi/hall/wl474/projects/hprc_r2/isoform_analysis/GRCh38_no_alt/align_flnc_bams/results/NA20870.GRCh38_no_alt.flnc.bam.bai
NA20905,male,/vast/palmer/pi/hall/wl474/projects/hprc_r2/isoform_analysis/GRCh38_no_alt/align_flnc_bams/results/NA20905.GRCh38_no_alt.flnc.bam,/vast/palmer/pi/hall/wl474/projects/hprc_r2/isoform_analysis/GRCh38_no_alt/align_flnc_bams/results/NA20905.GRCh38_no_alt.flnc.bam.bai
NA21093,male,/vast/palmer/pi/hall/wl474/projects/hprc_r2/isoform_analysis/GRCh38_no_alt/align_flnc_bams/results/NA21093.GRCh38_no_alt.flnc.bam,/vast/palmer/pi/hall/wl474/projects/hprc_r2/isoform_analysis/GRCh38_no_alt/align_flnc_bams/results/NA21093.GRCh38_no_alt.flnc.bam.bai
NA21102,female,/vast/palmer/pi/hall/wl474/projects/hprc_r2/isoform_analysis/GRCh38_no_alt/align_flnc_bams/results/NA21102.GRCh38_no_alt.flnc.bam,/vast/palmer/pi/hall/wl474/projects/hprc_r2/isoform_analysis/GRCh38_no_alt/align_flnc_bams/results/NA21102.GRCh38_no_alt.flnc.bam.bai
NA21106,female,/vast/palmer/pi/hall/wl474/projects/hprc_r2/isoform_analysis/GRCh38_no_alt/align_flnc_bams/results/NA21106.GRCh38_no_alt.flnc.bam,/vast/palmer/pi/hall/wl474/projects/hprc_r2/isoform_analysis/GRCh38_no_alt/align_flnc_bams/results/NA21106.GRCh38_no_alt.flnc.bam.bai
NA21110,female,/vast/palmer/pi/hall/wl474/projects/hprc_r2/isoform_analysis/GRCh38_no_alt/align_flnc_bams/results/NA21110.GRCh38_no_alt.flnc.bam,/vast/palmer/pi/hall/wl474/projects/hprc_r2/isoform_analysis/GRCh38_no_alt/align_flnc_bams/results/NA21110.GRCh38_no_alt.flnc.bam.bai
NA21144,female,/vast/palmer/pi/hall/wl474/projects/hprc_r2/isoform_analysis/GRCh38_no_alt/align_flnc_bams/results/NA21144.GRCh38_no_alt.flnc.bam,/vast/palmer/pi/hall/wl474/projects/hprc_r2/isoform_analysis/GRCh38_no_alt/align_flnc_bams/results/NA21144.GRCh38_no_alt.flnc.bam.bai
