sample,collapsed_gff,collapsed_flnc_count
HG00097,/vast/palmer/pi/hall/wl474/projects/hprc_r2/isoform_analysis/GRCh38_no_alt/reconstruct_transcriptomes/results/collapsed/HG00097.collapsed.gff,/vast/palmer/pi/hall/wl474/projects/hprc_r2/isoform_analysis/GRCh38_no_alt/reconstruct_transcriptomes/results/collapsed/HG00097.collapsed.flnc_count.txt
HG00099,/vast/palmer/pi/hall/wl474/projects/hprc_r2/isoform_analysis/GRCh38_no_alt/reconstruct_transcriptomes/results/collapsed/HG00099.collapsed.gff,/vast/palmer/pi/hall/wl474/projects/hprc_r2/isoform_analysis/GRCh38_no_alt/reconstruct_transcriptomes/results/collapsed/HG00099.collapsed.flnc_count.txt
HG00126,/vast/palmer/pi/hall/wl474/projects/hprc_r2/isoform_analysis/GRCh38_no_alt/reconstruct_transcriptomes/results/collapsed/HG00126.collapsed.gff,/vast/palmer/pi/hall/wl474/projects/hprc_r2/isoform_analysis/GRCh38_no_alt/reconstruct_transcriptomes/results/collapsed/HG00126.collapsed.flnc_count.txt
HG00128,/vast/palmer/pi/hall/wl474/projects/hprc_r2/isoform_analysis/GRCh38_no_alt/reconstruct_transcriptomes/results/collapsed/HG00128.collapsed.gff,/vast/palmer/pi/hall/wl474/projects/hprc_r2/isoform_analysis/GRCh38_no_alt/reconstruct_transcriptomes/results/collapsed/HG00128.collapsed.flnc_count.txt
HG00133,/vast/palmer/pi/hall/wl474/projects/hprc_r2/isoform_analysis/GRCh38_no_alt/reconstruct_transcriptomes/results/collapsed/HG00133.collapsed.gff,/vast/palmer/pi/hall/wl474/projects/hprc_r2/isoform_analysis/GRCh38_no_alt/reconstruct_transcriptomes/results/collapsed/HG00133.collapsed.flnc_count.txt
HG00140,/vast/palmer/pi/hall/wl474/projects/hprc_r2/isoform_analysis/GRCh38_no_alt/reconstruct_transcriptomes/results/collapsed/HG00140.collapsed.gff,/vast/palmer/pi/hall/wl474/projects/hprc_r2/isoform_analysis/GRCh38_no_alt/reconstruct_transcriptomes/results/collapsed/HG00140.collapsed.flnc_count.txt
HG00146,/vast/palmer/pi/hall/wl474/projects/hprc_r2/isoform_analysis/GRCh38_no_alt/reconstruct_transcriptomes/results/collapsed/HG00146.collapsed.gff,/vast/palmer/pi/hall/wl474/projects/hprc_r2/isoform_analysis/GRCh38_no_alt/reconstruct_transcriptomes/results/collapsed/HG00146.collapsed.flnc_count.txt
HG00232,/vast/palmer/pi/hall/wl474/projects/hprc_r2/isoform_analysis/GRCh38_no_alt/reconstruct_transcriptomes/results/collapsed/HG00232.collapsed.gff,/vast/palmer/pi/hall/wl474/projects/hprc_r2/isoform_analysis/GRCh38_no_alt/reconstruct_transcriptomes/results/collapsed/HG00232.collapsed.flnc_count.txt
HG00235,/vast/palmer/pi/hall/wl474/projects/hprc_r2/isoform_analysis/GRCh38_no_alt/reconstruct_transcriptomes/results/collapsed/HG00235.collapsed.gff,/vast/palmer/pi/hall/wl474/projects/hprc_r2/isoform_analysis/GRCh38_no_alt/reconstruct_transcriptomes/results/collapsed/HG00235.collapsed.flnc_count.txt
HG00253,/vast/palmer/pi/hall/wl474/projects/hprc_r2/isoform_analysis/GRCh38_no_alt/reconstruct_transcriptomes/results/collapsed/HG00253.collapsed.gff,/vast/palmer/pi/hall/wl474/projects/hprc_r2/isoform_analysis/GRCh38_no_alt/reconstruct_transcriptomes/results/collapsed/HG00253.collapsed.flnc_count.txt
HG00272,/vast/palmer/pi/hall/wl474/projects/hprc_r2/isoform_analysis/GRCh38_no_alt/reconstruct_transcriptomes/results/collapsed/HG00272.collapsed.gff,/vast/palmer/pi/hall/wl474/projects/hprc_r2/isoform_analysis/GRCh38_no_alt/reconstruct_transcriptomes/results/collapsed/HG00272.collapsed.flnc_count.txt
HG00280,/vast/palmer/pi/hall/wl474/projects/hprc_r2/isoform_analysis/GRCh38_no_alt/reconstruct_transcriptomes/results/collapsed/HG00280.collapsed.gff,/vast/palmer/pi/hall/wl474/projects/hprc_r2/isoform_analysis/GRCh38_no_alt/reconstruct_transcriptomes/results/collapsed/HG00280.collapsed.flnc_count.txt
HG00290,/vast/palmer/pi/hall/wl474/projects/hprc_r2/isoform_analysis/GRCh38_no_alt/reconstruct_transcriptomes/results/collapsed/HG00290.collapsed.gff,/vast/palmer/pi/hall/wl474/projects/hprc_r2/isoform_analysis/GRCh38_no_alt/reconstruct_transcriptomes/results/collapsed/HG00290.collapsed.flnc_count.txt
HG00320,/vast/palmer/pi/hall/wl474/projects/hprc_r2/isoform_analysis/GRCh38_no_alt/reconstruct_transcriptomes/results/collapsed/HG00320.collapsed.gff,/vast/palmer/pi/hall/wl474/projects/hprc_r2/isoform_analysis/GRCh38_no_alt/reconstruct_transcriptomes/results/collapsed/HG00320.collapsed.flnc_count.txt
HG00321,/vast/palmer/pi/hall/wl474/projects/hprc_r2/isoform_analysis/GRCh38_no_alt/reconstruct_transcriptomes/results/collapsed/HG00321.collapsed.gff,/vast/palmer/pi/hall/wl474/projects/hprc_r2/isoform_analysis/GRCh38_no_alt/reconstruct_transcriptomes/results/collapsed/HG00321.collapsed.flnc_count.txt
HG00323,/vast/palmer/pi/hall/wl474/projects/hprc_r2/isoform_analysis/GRCh38_no_alt/reconstruct_transcriptomes/results/collapsed/HG00323.collapsed.gff,/vast/palmer/pi/hall/wl474/projects/hprc_r2/isoform_analysis/GRCh38_no_alt/reconstruct_transcriptomes/results/collapsed/HG00323.collapsed.flnc_count.txt
HG00329,/vast/palmer/pi/hall/wl474/projects/hprc_r2/isoform_analysis/GRCh38_no_alt/reconstruct_transcriptomes/results/collapsed/HG00329.collapsed.gff,/vast/palmer/pi/hall/wl474/projects/hprc_r2/isoform_analysis/GRCh38_no_alt/reconstruct_transcriptomes/results/collapsed/HG00329.collapsed.flnc_count.txt
HG00344,/vast/palmer/pi/hall/wl474/projects/hprc_r2/isoform_analysis/GRCh38_no_alt/reconstruct_transcriptomes/results/collapsed/HG00344.collapsed.gff,/vast/palmer/pi/hall/wl474/projects/hprc_r2/isoform_analysis/GRCh38_no_alt/reconstruct_transcriptomes/results/collapsed/HG00344.collapsed.flnc_count.txt
HG00350,/vast/palmer/pi/hall/wl474/projects/hprc_r2/isoform_analysis/GRCh38_no_alt/reconstruct_transcriptomes/results/collapsed/HG00350.collapsed.gff,/vast/palmer/pi/hall/wl474/projects/hprc_r2/isoform_analysis/GRCh38_no_alt/reconstruct_transcriptomes/results/collapsed/HG00350.collapsed.flnc_count.txt
HG00408,/vast/palmer/pi/hall/wl474/projects/hprc_r2/isoform_analysis/GRCh38_no_alt/reconstruct_transcriptomes/results/collapsed/HG00408.collapsed.gff,/vast/palmer/pi/hall/wl474/projects/hprc_r2/isoform_analysis/GRCh38_no_alt/reconstruct_transcriptomes/results/collapsed/HG00408.collapsed.flnc_count.txt
HG00423,/vast/palmer/pi/hall/wl474/projects/hprc_r2/isoform_analysis/GRCh38_no_alt/reconstruct_transcriptomes/results/collapsed/HG00423.collapsed.gff,/vast/palmer/pi/hall/wl474/projects/hprc_r2/isoform_analysis/GRCh38_no_alt/reconstruct_transcriptomes/results/collapsed/HG00423.collapsed.flnc_count.txt
HG00438,/vast/palmer/pi/hall/wl474/projects/hprc_r2/isoform_analysis/GRCh38_no_alt/reconstruct_transcriptomes/results/collapsed/HG00438.collapsed.gff,/vast/palmer/pi/hall/wl474/projects/hprc_r2/isoform_analysis/GRCh38_no_alt/reconstruct_transcriptomes/results/collapsed/HG00438.collapsed.flnc_count.txt
HG00544,/vast/palmer/pi/hall/wl474/projects/hprc_r2/isoform_analysis/GRCh38_no_alt/reconstruct_transcriptomes/results/collapsed/HG00544.collapsed.gff,/vast/palmer/pi/hall/wl474/projects/hprc_r2/isoform_analysis/GRCh38_no_alt/reconstruct_transcriptomes/results/collapsed/HG00544.collapsed.flnc_count.txt
HG00558,/vast/palmer/pi/hall/wl474/projects/hprc_r2/isoform_analysis/GRCh38_no_alt/reconstruct_transcriptomes/results/collapsed/HG00558.collapsed.gff,/vast/palmer/pi/hall/wl474/projects/hprc_r2/isoform_analysis/GRCh38_no_alt/reconstruct_transcriptomes/results/collapsed/HG00558.collapsed.flnc_count.txt
HG00597,/vast/palmer/pi/hall/wl474/projects/hprc_r2/isoform_analysis/GRCh38_no_alt/reconstruct_transcriptomes/results/collapsed/HG00597.collapsed.gff,/vast/palmer/pi/hall/wl474/projects/hprc_r2/isoform_analysis/GRCh38_no_alt/reconstruct_transcriptomes/results/collapsed/HG00597.collapsed.flnc_count.txt
HG00609,/vast/palmer/pi/hall/wl474/projects/hprc_r2/isoform_analysis/GRCh38_no_alt/reconstruct_transcriptomes/results/collapsed/HG00609.collapsed.gff,/vast/palmer/pi/hall/wl474/projects/hprc_r2/isoform_analysis/GRCh38_no_alt/reconstruct_transcriptomes/results/collapsed/HG00609.collapsed.flnc_count.txt
HG00621,/vast/palmer/pi/hall/wl474/projects/hprc_r2/isoform_analysis/GRCh38_no_alt/reconstruct_transcriptomes/results/collapsed/HG00621.collapsed.gff,/vast/palmer/pi/hall/wl474/projects/hprc_r2/isoform_analysis/GRCh38_no_alt/reconstruct_transcriptomes/results/collapsed/HG00621.collapsed.flnc_count.txt
HG00639,/vast/palmer/pi/hall/wl474/projects/hprc_r2/isoform_analysis/GRCh38_no_alt/reconstruct_transcriptomes/results/collapsed/HG00639.collapsed.gff,/vast/palmer/pi/hall/wl474/projects/hprc_r2/isoform_analysis/GRCh38_no_alt/reconstruct_transcriptomes/results/collapsed/HG00639.collapsed.flnc_count.txt
HG00642,/vast/palmer/pi/hall/wl474/projects/hprc_r2/isoform_analysis/GRCh38_no_alt/reconstruct_transcriptomes/results/collapsed/HG00642.collapsed.gff,/vast/palmer/pi/hall/wl474/projects/hprc_r2/isoform_analysis/GRCh38_no_alt/reconstruct_transcriptomes/results/collapsed/HG00642.collapsed.flnc_count.txt
HG00658,/vast/palmer/pi/hall/wl474/projects/hprc_r2/isoform_analysis/GRCh38_no_alt/reconstruct_transcriptomes/results/collapsed/HG00658.collapsed.gff,/vast/palmer/pi/hall/wl474/projects/hprc_r2/isoform_analysis/GRCh38_no_alt/reconstruct_transcriptomes/results/collapsed/HG00658.collapsed.flnc_count.txt
HG00673,/vast/palmer/pi/hall/wl474/projects/hprc_r2/isoform_analysis/GRCh38_no_alt/reconstruct_transcriptomes/results/collapsed/HG00673.collapsed.gff,/vast/palmer/pi/hall/wl474/projects/hprc_r2/isoform_analysis/GRCh38_no_alt/reconstruct_transcriptomes/results/collapsed/HG00673.collapsed.flnc_count.txt
HG00706,/vast/palmer/pi/hall/wl474/projects/hprc_r2/isoform_analysis/GRCh38_no_alt/reconstruct_transcriptomes/results/collapsed/HG00706.collapsed.gff,/vast/palmer/pi/hall/wl474/projects/hprc_r2/isoform_analysis/GRCh38_no_alt/reconstruct_transcriptomes/results/collapsed/HG00706.collapsed.flnc_count.txt
HG00735,/vast/palmer/pi/hall/wl474/projects/hprc_r2/isoform_analysis/GRCh38_no_alt/reconstruct_transcriptomes/results/collapsed/HG00735.collapsed.gff,/vast/palmer/pi/hall/wl474/projects/hprc_r2/isoform_analysis/GRCh38_no_alt/reconstruct_transcriptomes/results/collapsed/HG00735.collapsed.flnc_count.txt
HG00738,/vast/palmer/pi/hall/wl474/projects/hprc_r2/isoform_analysis/GRCh38_no_alt/reconstruct_transcriptomes/results/collapsed/HG00738.collapsed.gff,/vast/palmer/pi/hall/wl474/projects/hprc_r2/isoform_analysis/GRCh38_no_alt/reconstruct_transcriptomes/results/collapsed/HG00738.collapsed.flnc_count.txt
HG00741,/vast/palmer/pi/hall/wl474/projects/hprc_r2/isoform_analysis/GRCh38_no_alt/reconstruct_transcriptomes/results/collapsed/HG00741.collapsed.gff,/vast/palmer/pi/hall/wl474/projects/hprc_r2/isoform_analysis/GRCh38_no_alt/reconstruct_transcriptomes/results/collapsed/HG00741.collapsed.flnc_count.txt
HG01071,/vast/palmer/pi/hall/wl474/projects/hprc_r2/isoform_analysis/GRCh38_no_alt/reconstruct_transcriptomes/results/collapsed/HG01071.collapsed.gff,/vast/palmer/pi/hall/wl474/projects/hprc_r2/isoform_analysis/GRCh38_no_alt/reconstruct_transcriptomes/results/collapsed/HG01071.collapsed.flnc_count.txt
HG01074,/vast/palmer/pi/hall/wl474/projects/hprc_r2/isoform_analysis/GRCh38_no_alt/reconstruct_transcriptomes/results/collapsed/HG01074.collapsed.gff,/vast/palmer/pi/hall/wl474/projects/hprc_r2/isoform_analysis/GRCh38_no_alt/reconstruct_transcriptomes/results/collapsed/HG01074.collapsed.flnc_count.txt
HG01081,/vast/palmer/pi/hall/wl474/projects/hprc_r2/isoform_analysis/GRCh38_no_alt/reconstruct_transcriptomes/results/collapsed/HG01081.collapsed.gff,/vast/palmer/pi/hall/wl474/projects/hprc_r2/isoform_analysis/GRCh38_no_alt/reconstruct_transcriptomes/results/collapsed/HG01081.collapsed.flnc_count.txt
HG01099,/vast/palmer/pi/hall/wl474/projects/hprc_r2/isoform_analysis/GRCh38_no_alt/reconstruct_transcriptomes/results/collapsed/HG01099.collapsed.gff,/vast/palmer/pi/hall/wl474/projects/hprc_r2/isoform_analysis/GRCh38_no_alt/reconstruct_transcriptomes/results/collapsed/HG01099.collapsed.flnc_count.txt
HG01106,/vast/palmer/pi/hall/wl474/projects/hprc_r2/isoform_analysis/GRCh38_no_alt/reconstruct_transcriptomes/results/collapsed/HG01106.collapsed.gff,/vast/palmer/pi/hall/wl474/projects/hprc_r2/isoform_analysis/GRCh38_no_alt/reconstruct_transcriptomes/results/collapsed/HG01106.collapsed.flnc_count.txt
HG01150,/vast/palmer/pi/hall/wl474/projects/hprc_r2/isoform_analysis/GRCh38_no_alt/reconstruct_transcriptomes/results/collapsed/HG01150.collapsed.gff,/vast/palmer/pi/hall/wl474/projects/hprc_r2/isoform_analysis/GRCh38_no_alt/reconstruct_transcriptomes/results/collapsed/HG01150.collapsed.flnc_count.txt
HG01167,/vast/palmer/pi/hall/wl474/projects/hprc_r2/isoform_analysis/GRCh38_no_alt/reconstruct_transcriptomes/results/collapsed/HG01167.collapsed.gff,/vast/palmer/pi/hall/wl474/projects/hprc_r2/isoform_analysis/GRCh38_no_alt/reconstruct_transcriptomes/results/collapsed/HG01167.collapsed.flnc_count.txt
HG01175,/vast/palmer/pi/hall/wl474/projects/hprc_r2/isoform_analysis/GRCh38_no_alt/reconstruct_transcriptomes/results/collapsed/HG01175.collapsed.gff,/vast/palmer/pi/hall/wl474/projects/hprc_r2/isoform_analysis/GRCh38_no_alt/reconstruct_transcriptomes/results/collapsed/HG01175.collapsed.flnc_count.txt
HG01192,/vast/palmer/pi/hall/wl474/projects/hprc_r2/isoform_analysis/GRCh38_no_alt/reconstruct_transcriptomes/results/collapsed/HG01192.collapsed.gff,/vast/palmer/pi/hall/wl474/projects/hprc_r2/isoform_analysis/GRCh38_no_alt/reconstruct_transcriptomes/results/collapsed/HG01192.collapsed.flnc_count.txt
HG01252,/vast/palmer/pi/hall/wl474/projects/hprc_r2/isoform_analysis/GRCh38_no_alt/reconstruct_transcriptomes/results/collapsed/HG01252.collapsed.gff,/vast/palmer/pi/hall/wl474/projects/hprc_r2/isoform_analysis/GRCh38_no_alt/reconstruct_transcriptomes/results/collapsed/HG01252.collapsed.flnc_count.txt
HG01255,/vast/palmer/pi/hall/wl474/projects/hprc_r2/isoform_analysis/GRCh38_no_alt/reconstruct_transcriptomes/results/collapsed/HG01255.collapsed.gff,/vast/palmer/pi/hall/wl474/projects/hprc_r2/isoform_analysis/GRCh38_no_alt/reconstruct_transcriptomes/results/collapsed/HG01255.collapsed.flnc_count.txt
HG01258,/vast/palmer/pi/hall/wl474/projects/hprc_r2/isoform_analysis/GRCh38_no_alt/reconstruct_transcriptomes/results/collapsed/HG01258.collapsed.gff,/vast/palmer/pi/hall/wl474/projects/hprc_r2/isoform_analysis/GRCh38_no_alt/reconstruct_transcriptomes/results/collapsed/HG01258.collapsed.flnc_count.txt
HG01261,/vast/palmer/pi/hall/wl474/projects/hprc_r2/isoform_analysis/GRCh38_no_alt/reconstruct_transcriptomes/results/collapsed/HG01261.collapsed.gff,/vast/palmer/pi/hall/wl474/projects/hprc_r2/isoform_analysis/GRCh38_no_alt/reconstruct_transcriptomes/results/collapsed/HG01261.collapsed.flnc_count.txt
HG01346,/vast/palmer/pi/hall/wl474/projects/hprc_r2/isoform_analysis/GRCh38_no_alt/reconstruct_transcriptomes/results/collapsed/HG01346.collapsed.gff,/vast/palmer/pi/hall/wl474/projects/hprc_r2/isoform_analysis/GRCh38_no_alt/reconstruct_transcriptomes/results/collapsed/HG01346.collapsed.flnc_count.txt
HG01358,/vast/palmer/pi/hall/wl474/projects/hprc_r2/isoform_analysis/GRCh38_no_alt/reconstruct_transcriptomes/results/collapsed/HG01358.collapsed.gff,/vast/palmer/pi/hall/wl474/projects/hprc_r2/isoform_analysis/GRCh38_no_alt/reconstruct_transcriptomes/results/collapsed/HG01358.collapsed.flnc_count.txt
HG01361,/vast/palmer/pi/hall/wl474/projects/hprc_r2/isoform_analysis/GRCh38_no_alt/reconstruct_transcriptomes/results/collapsed/HG01361.collapsed.gff,/vast/palmer/pi/hall/wl474/projects/hprc_r2/isoform_analysis/GRCh38_no_alt/reconstruct_transcriptomes/results/collapsed/HG01361.collapsed.flnc_count.txt
HG01433,/vast/palmer/pi/hall/wl474/projects/hprc_r2/isoform_analysis/GRCh38_no_alt/reconstruct_transcriptomes/results/collapsed/HG01433.collapsed.gff,/vast/palmer/pi/hall/wl474/projects/hprc_r2/isoform_analysis/GRCh38_no_alt/reconstruct_transcriptomes/results/collapsed/HG01433.collapsed.flnc_count.txt
HG01496,/vast/palmer/pi/hall/wl474/projects/hprc_r2/isoform_analysis/GRCh38_no_alt/reconstruct_transcriptomes/results/collapsed/HG01496.collapsed.gff,/vast/palmer/pi/hall/wl474/projects/hprc_r2/isoform_analysis/GRCh38_no_alt/reconstruct_transcriptomes/results/collapsed/HG01496.collapsed.flnc_count.txt
HG01530,/vast/palmer/pi/hall/wl474/projects/hprc_r2/isoform_analysis/GRCh38_no_alt/reconstruct_transcriptomes/results/collapsed/HG01530.collapsed.gff,/vast/palmer/pi/hall/wl474/projects/hprc_r2/isoform_analysis/GRCh38_no_alt/reconstruct_transcriptomes/results/collapsed/HG01530.collapsed.flnc_count.txt
HG01784,/vast/palmer/pi/hall/wl474/projects/hprc_r2/isoform_analysis/GRCh38_no_alt/reconstruct_transcriptomes/results/collapsed/HG01784.collapsed.gff,/vast/palmer/pi/hall/wl474/projects/hprc_r2/isoform_analysis/GRCh38_no_alt/reconstruct_transcriptomes/results/collapsed/HG01784.collapsed.flnc_count.txt
HG01786,/vast/palmer/pi/hall/wl474/projects/hprc_r2/isoform_analysis/GRCh38_no_alt/reconstruct_transcriptomes/results/collapsed/HG01786.collapsed.gff,/vast/palmer/pi/hall/wl474/projects/hprc_r2/isoform_analysis/GRCh38_no_alt/reconstruct_transcriptomes/results/collapsed/HG01786.collapsed.flnc_count.txt
HG01884,/vast/palmer/pi/hall/wl474/projects/hprc_r2/isoform_analysis/GRCh38_no_alt/reconstruct_transcriptomes/results/collapsed/HG01884.collapsed.gff,/vast/palmer/pi/hall/wl474/projects/hprc_r2/isoform_analysis/GRCh38_no_alt/reconstruct_transcriptomes/results/collapsed/HG01884.collapsed.flnc_count.txt
HG01891,/vast/palmer/pi/hall/wl474/projects/hprc_r2/isoform_analysis/GRCh38_no_alt/reconstruct_transcriptomes/results/collapsed/HG01891.collapsed.gff,/vast/palmer/pi/hall/wl474/projects/hprc_r2/isoform_analysis/GRCh38_no_alt/reconstruct_transcriptomes/results/collapsed/HG01891.collapsed.flnc_count.txt
HG01928,/vast/palmer/pi/hall/wl474/projects/hprc_r2/isoform_analysis/GRCh38_no_alt/reconstruct_transcriptomes/results/collapsed/HG01928.collapsed.gff,/vast/palmer/pi/hall/wl474/projects/hprc_r2/isoform_analysis/GRCh38_no_alt/reconstruct_transcriptomes/results/collapsed/HG01928.collapsed.flnc_count.txt
HG01934,/vast/palmer/pi/hall/wl474/projects/hprc_r2/isoform_analysis/GRCh38_no_alt/reconstruct_transcriptomes/results/collapsed/HG01934.collapsed.gff,/vast/palmer/pi/hall/wl474/projects/hprc_r2/isoform_analysis/GRCh38_no_alt/reconstruct_transcriptomes/results/collapsed/HG01934.collapsed.flnc_count.txt
HG01940,/vast/palmer/pi/hall/wl474/projects/hprc_r2/isoform_analysis/GRCh38_no_alt/reconstruct_transcriptomes/results/collapsed/HG01940.collapsed.gff,/vast/palmer/pi/hall/wl474/projects/hprc_r2/isoform_analysis/GRCh38_no_alt/reconstruct_transcriptomes/results/collapsed/HG01940.collapsed.flnc_count.txt
HG01943,/vast/palmer/pi/hall/wl474/projects/hprc_r2/isoform_analysis/GRCh38_no_alt/reconstruct_transcriptomes/results/collapsed/HG01943.collapsed.gff,/vast/palmer/pi/hall/wl474/projects/hprc_r2/isoform_analysis/GRCh38_no_alt/reconstruct_transcriptomes/results/collapsed/HG01943.collapsed.flnc_count.txt
HG01952,/vast/palmer/pi/hall/wl474/projects/hprc_r2/isoform_analysis/GRCh38_no_alt/reconstruct_transcriptomes/results/collapsed/HG01952.collapsed.gff,/vast/palmer/pi/hall/wl474/projects/hprc_r2/isoform_analysis/GRCh38_no_alt/reconstruct_transcriptomes/results/collapsed/HG01952.collapsed.flnc_count.txt
HG01960,/vast/palmer/pi/hall/wl474/projects/hprc_r2/isoform_analysis/GRCh38_no_alt/reconstruct_transcriptomes/results/collapsed/HG01960.collapsed.gff,/vast/palmer/pi/hall/wl474/projects/hprc_r2/isoform_analysis/GRCh38_no_alt/reconstruct_transcriptomes/results/collapsed/HG01960.collapsed.flnc_count.txt
HG01969,/vast/palmer/pi/hall/wl474/projects/hprc_r2/isoform_analysis/GRCh38_no_alt/reconstruct_transcriptomes/results/collapsed/HG01969.collapsed.gff,/vast/palmer/pi/hall/wl474/projects/hprc_r2/isoform_analysis/GRCh38_no_alt/reconstruct_transcriptomes/results/collapsed/HG01969.collapsed.flnc_count.txt
HG01975,/vast/palmer/pi/hall/wl474/projects/hprc_r2/isoform_analysis/GRCh38_no_alt/reconstruct_transcriptomes/results/collapsed/HG01975.collapsed.gff,/vast/palmer/pi/hall/wl474/projects/hprc_r2/isoform_analysis/GRCh38_no_alt/reconstruct_transcriptomes/results/collapsed/HG01975.collapsed.flnc_count.txt
HG01978,/vast/palmer/pi/hall/wl474/projects/hprc_r2/isoform_analysis/GRCh38_no_alt/reconstruct_transcriptomes/results/collapsed/HG01978.collapsed.gff,/vast/palmer/pi/hall/wl474/projects/hprc_r2/isoform_analysis/GRCh38_no_alt/reconstruct_transcriptomes/results/collapsed/HG01978.collapsed.flnc_count.txt
HG01981,/vast/palmer/pi/hall/wl474/projects/hprc_r2/isoform_analysis/GRCh38_no_alt/reconstruct_transcriptomes/results/collapsed/HG01981.collapsed.gff,/vast/palmer/pi/hall/wl474/projects/hprc_r2/isoform_analysis/GRCh38_no_alt/reconstruct_transcriptomes/results/collapsed/HG01981.collapsed.flnc_count.txt
HG01993,/vast/palmer/pi/hall/wl474/projects/hprc_r2/isoform_analysis/GRCh38_no_alt/reconstruct_transcriptomes/results/collapsed/HG01993.collapsed.gff,/vast/palmer/pi/hall/wl474/projects/hprc_r2/isoform_analysis/GRCh38_no_alt/reconstruct_transcriptomes/results/collapsed/HG01993.collapsed.flnc_count.txt
HG02004,/vast/palmer/pi/hall/wl474/projects/hprc_r2/isoform_analysis/GRCh38_no_alt/reconstruct_transcriptomes/results/collapsed/HG02004.collapsed.gff,/vast/palmer/pi/hall/wl474/projects/hprc_r2/isoform_analysis/GRCh38_no_alt/reconstruct_transcriptomes/results/collapsed/HG02004.collapsed.flnc_count.txt
HG02015,/vast/palmer/pi/hall/wl474/projects/hprc_r2/isoform_analysis/GRCh38_no_alt/reconstruct_transcriptomes/results/collapsed/HG02015.collapsed.gff,/vast/palmer/pi/hall/wl474/projects/hprc_r2/isoform_analysis/GRCh38_no_alt/reconstruct_transcriptomes/results/collapsed/HG02015.collapsed.flnc_count.txt
HG02027,/vast/palmer/pi/hall/wl474/projects/hprc_r2/isoform_analysis/GRCh38_no_alt/reconstruct_transcriptomes/results/collapsed/HG02027.collapsed.gff,/vast/palmer/pi/hall/wl474/projects/hprc_r2/isoform_analysis/GRCh38_no_alt/reconstruct_transcriptomes/results/collapsed/HG02027.collapsed.flnc_count.txt
HG02040,/vast/palmer/pi/hall/wl474/projects/hprc_r2/isoform_analysis/GRCh38_no_alt/reconstruct_transcriptomes/results/collapsed/HG02040.collapsed.gff,/vast/palmer/pi/hall/wl474/projects/hprc_r2/isoform_analysis/GRCh38_no_alt/reconstruct_transcriptomes/results/collapsed/HG02040.collapsed.flnc_count.txt
HG02056,/vast/palmer/pi/hall/wl474/projects/hprc_r2/isoform_analysis/GRCh38_no_alt/reconstruct_transcriptomes/results/collapsed/HG02056.collapsed.gff,/vast/palmer/pi/hall/wl474/projects/hprc_r2/isoform_analysis/GRCh38_no_alt/reconstruct_transcriptomes/results/collapsed/HG02056.collapsed.flnc_count.txt
HG02071,/vast/palmer/pi/hall/wl474/projects/hprc_r2/isoform_analysis/GRCh38_no_alt/reconstruct_transcriptomes/results/collapsed/HG02071.collapsed.gff,/vast/palmer/pi/hall/wl474/projects/hprc_r2/isoform_analysis/GRCh38_no_alt/reconstruct_transcriptomes/results/collapsed/HG02071.collapsed.flnc_count.txt
HG02074,/vast/palmer/pi/hall/wl474/projects/hprc_r2/isoform_analysis/GRCh38_no_alt/reconstruct_transcriptomes/results/collapsed/HG02074.collapsed.gff,/vast/palmer/pi/hall/wl474/projects/hprc_r2/isoform_analysis/GRCh38_no_alt/reconstruct_transcriptomes/results/collapsed/HG02074.collapsed.flnc_count.txt
HG02083,/vast/palmer/pi/hall/wl474/projects/hprc_r2/isoform_analysis/GRCh38_no_alt/reconstruct_transcriptomes/results/collapsed/HG02083.collapsed.gff,/vast/palmer/pi/hall/wl474/projects/hprc_r2/isoform_analysis/GRCh38_no_alt/reconstruct_transcriptomes/results/collapsed/HG02083.collapsed.flnc_count.txt
HG02129,/vast/palmer/pi/hall/wl474/projects/hprc_r2/isoform_analysis/GRCh38_no_alt/reconstruct_transcriptomes/results/collapsed/HG02129.collapsed.gff,/vast/palmer/pi/hall/wl474/projects/hprc_r2/isoform_analysis/GRCh38_no_alt/reconstruct_transcriptomes/results/collapsed/HG02129.collapsed.flnc_count.txt
HG02132,/vast/palmer/pi/hall/wl474/projects/hprc_r2/isoform_analysis/GRCh38_no_alt/reconstruct_transcriptomes/results/collapsed/HG02132.collapsed.gff,/vast/palmer/pi/hall/wl474/projects/hprc_r2/isoform_analysis/GRCh38_no_alt/reconstruct_transcriptomes/results/collapsed/HG02132.collapsed.flnc_count.txt
HG02135,/vast/palmer/pi/hall/wl474/projects/hprc_r2/isoform_analysis/GRCh38_no_alt/reconstruct_transcriptomes/results/collapsed/HG02135.collapsed.gff,/vast/palmer/pi/hall/wl474/projects/hprc_r2/isoform_analysis/GRCh38_no_alt/reconstruct_transcriptomes/results/collapsed/HG02135.collapsed.flnc_count.txt
HG02148,/vast/palmer/pi/hall/wl474/projects/hprc_r2/isoform_analysis/GRCh38_no_alt/reconstruct_transcriptomes/results/collapsed/HG02148.collapsed.gff,/vast/palmer/pi/hall/wl474/projects/hprc_r2/isoform_analysis/GRCh38_no_alt/reconstruct_transcriptomes/results/collapsed/HG02148.collapsed.flnc_count.txt
HG02155,/vast/palmer/pi/hall/wl474/projects/hprc_r2/isoform_analysis/GRCh38_no_alt/reconstruct_transcriptomes/results/collapsed/HG02155.collapsed.gff,/vast/palmer/pi/hall/wl474/projects/hprc_r2/isoform_analysis/GRCh38_no_alt/reconstruct_transcriptomes/results/collapsed/HG02155.collapsed.flnc_count.txt
HG02165,/vast/palmer/pi/hall/wl474/projects/hprc_r2/isoform_analysis/GRCh38_no_alt/reconstruct_transcriptomes/results/collapsed/HG02165.collapsed.gff,/vast/palmer/pi/hall/wl474/projects/hprc_r2/isoform_analysis/GRCh38_no_alt/reconstruct_transcriptomes/results/collapsed/HG02165.collapsed.flnc_count.txt
HG02178,/vast/palmer/pi/hall/wl474/projects/hprc_r2/isoform_analysis/GRCh38_no_alt/reconstruct_transcriptomes/results/collapsed/HG02178.collapsed.gff,/vast/palmer/pi/hall/wl474/projects/hprc_r2/isoform_analysis/GRCh38_no_alt/reconstruct_transcriptomes/results/collapsed/HG02178.collapsed.flnc_count.txt
HG02257,/vast/palmer/pi/hall/wl474/projects/hprc_r2/isoform_analysis/GRCh38_no_alt/reconstruct_transcriptomes/results/collapsed/HG02257.collapsed.gff,/vast/palmer/pi/hall/wl474/projects/hprc_r2/isoform_analysis/GRCh38_no_alt/reconstruct_transcriptomes/results/collapsed/HG02257.collapsed.flnc_count.txt
HG02258,/vast/palmer/pi/hall/wl474/projects/hprc_r2/isoform_analysis/GRCh38_no_alt/reconstruct_transcriptomes/results/collapsed/HG02258.collapsed.gff,/vast/palmer/pi/hall/wl474/projects/hprc_r2/isoform_analysis/GRCh38_no_alt/reconstruct_transcriptomes/results/collapsed/HG02258.collapsed.flnc_count.txt
HG02273,/vast/palmer/pi/hall/wl474/projects/hprc_r2/isoform_analysis/GRCh38_no_alt/reconstruct_transcriptomes/results/collapsed/HG02273.collapsed.gff,/vast/palmer/pi/hall/wl474/projects/hprc_r2/isoform_analysis/GRCh38_no_alt/reconstruct_transcriptomes/results/collapsed/HG02273.collapsed.flnc_count.txt
HG02280,/vast/palmer/pi/hall/wl474/projects/hprc_r2/isoform_analysis/GRCh38_no_alt/reconstruct_transcriptomes/results/collapsed/HG02280.collapsed.gff,/vast/palmer/pi/hall/wl474/projects/hprc_r2/isoform_analysis/GRCh38_no_alt/reconstruct_transcriptomes/results/collapsed/HG02280.collapsed.flnc_count.txt
HG02293,/vast/palmer/pi/hall/wl474/projects/hprc_r2/isoform_analysis/GRCh38_no_alt/reconstruct_transcriptomes/results/collapsed/HG02293.collapsed.gff,/vast/palmer/pi/hall/wl474/projects/hprc_r2/isoform_analysis/GRCh38_no_alt/reconstruct_transcriptomes/results/collapsed/HG02293.collapsed.flnc_count.txt
HG02300,/vast/palmer/pi/hall/wl474/projects/hprc_r2/isoform_analysis/GRCh38_no_alt/reconstruct_transcriptomes/results/collapsed/HG02300.collapsed.gff,/vast/palmer/pi/hall/wl474/projects/hprc_r2/isoform_analysis/GRCh38_no_alt/reconstruct_transcriptomes/results/collapsed/HG02300.collapsed.flnc_count.txt
HG02391,/vast/palmer/pi/hall/wl474/projects/hprc_r2/isoform_analysis/GRCh38_no_alt/reconstruct_transcriptomes/results/collapsed/HG02391.collapsed.gff,/vast/palmer/pi/hall/wl474/projects/hprc_r2/isoform_analysis/GRCh38_no_alt/reconstruct_transcriptomes/results/collapsed/HG02391.collapsed.flnc_count.txt
HG02392,/vast/palmer/pi/hall/wl474/projects/hprc_r2/isoform_analysis/GRCh38_no_alt/reconstruct_transcriptomes/results/collapsed/HG02392.collapsed.gff,/vast/palmer/pi/hall/wl474/projects/hprc_r2/isoform_analysis/GRCh38_no_alt/reconstruct_transcriptomes/results/collapsed/HG02392.collapsed.flnc_count.txt
HG02451,/vast/palmer/pi/hall/wl474/projects/hprc_r2/isoform_analysis/GRCh38_no_alt/reconstruct_transcriptomes/results/collapsed/HG02451.collapsed.gff,/vast/palmer/pi/hall/wl474/projects/hprc_r2/isoform_analysis/GRCh38_no_alt/reconstruct_transcriptomes/results/collapsed/HG02451.collapsed.flnc_count.txt
HG02514,/vast/palmer/pi/hall/wl474/projects/hprc_r2/isoform_analysis/GRCh38_no_alt/reconstruct_transcriptomes/results/collapsed/HG02514.collapsed.gff,/vast/palmer/pi/hall/wl474/projects/hprc_r2/isoform_analysis/GRCh38_no_alt/reconstruct_transcriptomes/results/collapsed/HG02514.collapsed.flnc_count.txt
HG02523,/vast/palmer/pi/hall/wl474/projects/hprc_r2/isoform_analysis/GRCh38_no_alt/reconstruct_transcriptomes/results/collapsed/HG02523.collapsed.gff,/vast/palmer/pi/hall/wl474/projects/hprc_r2/isoform_analysis/GRCh38_no_alt/reconstruct_transcriptomes/results/collapsed/HG02523.collapsed.flnc_count.txt
HG02572,/vast/palmer/pi/hall/wl474/projects/hprc_r2/isoform_analysis/GRCh38_no_alt/reconstruct_transcriptomes/results/collapsed/HG02572.collapsed.gff,/vast/palmer/pi/hall/wl474/projects/hprc_r2/isoform_analysis/GRCh38_no_alt/reconstruct_transcriptomes/results/collapsed/HG02572.collapsed.flnc_count.txt
HG02583,/vast/palmer/pi/hall/wl474/projects/hprc_r2/isoform_analysis/GRCh38_no_alt/reconstruct_transcriptomes/results/collapsed/HG02583.collapsed.gff,/vast/palmer/pi/hall/wl474/projects/hprc_r2/isoform_analysis/GRCh38_no_alt/reconstruct_transcriptomes/results/collapsed/HG02583.collapsed.flnc_count.txt
HG02602,/vast/palmer/pi/hall/wl474/projects/hprc_r2/isoform_analysis/GRCh38_no_alt/reconstruct_transcriptomes/results/collapsed/HG02602.collapsed.gff,/vast/palmer/pi/hall/wl474/projects/hprc_r2/isoform_analysis/GRCh38_no_alt/reconstruct_transcriptomes/results/collapsed/HG02602.collapsed.flnc_count.txt
HG02615,/vast/palmer/pi/hall/wl474/projects/hprc_r2/isoform_analysis/GRCh38_no_alt/reconstruct_transcriptomes/results/collapsed/HG02615.collapsed.gff,/vast/palmer/pi/hall/wl474/projects/hprc_r2/isoform_analysis/GRCh38_no_alt/reconstruct_transcriptomes/results/collapsed/HG02615.collapsed.flnc_count.txt
HG02622,/vast/palmer/pi/hall/wl474/projects/hprc_r2/isoform_analysis/GRCh38_no_alt/reconstruct_transcriptomes/results/collapsed/HG02622.collapsed.gff,/vast/palmer/pi/hall/wl474/projects/hprc_r2/isoform_analysis/GRCh38_no_alt/reconstruct_transcriptomes/results/collapsed/HG02622.collapsed.flnc_count.txt
HG02630,/vast/palmer/pi/hall/wl474/projects/hprc_r2/isoform_analysis/GRCh38_no_alt/reconstruct_transcriptomes/results/collapsed/HG02630.collapsed.gff,/vast/palmer/pi/hall/wl474/projects/hprc_r2/isoform_analysis/GRCh38_no_alt/reconstruct_transcriptomes/results/collapsed/HG02630.collapsed.flnc_count.txt
HG02647,/vast/palmer/pi/hall/wl474/projects/hprc_r2/isoform_analysis/GRCh38_no_alt/reconstruct_transcriptomes/results/collapsed/HG02647.collapsed.gff,/vast/palmer/pi/hall/wl474/projects/hprc_r2/isoform_analysis/GRCh38_no_alt/reconstruct_transcriptomes/results/collapsed/HG02647.collapsed.flnc_count.txt
HG02668,/vast/palmer/pi/hall/wl474/projects/hprc_r2/isoform_analysis/GRCh38_no_alt/reconstruct_transcriptomes/results/collapsed/HG02668.collapsed.gff,/vast/palmer/pi/hall/wl474/projects/hprc_r2/isoform_analysis/GRCh38_no_alt/reconstruct_transcriptomes/results/collapsed/HG02668.collapsed.flnc_count.txt
HG02698,/vast/palmer/pi/hall/wl474/projects/hprc_r2/isoform_analysis/GRCh38_no_alt/reconstruct_transcriptomes/results/collapsed/HG02698.collapsed.gff,/vast/palmer/pi/hall/wl474/projects/hprc_r2/isoform_analysis/GRCh38_no_alt/reconstruct_transcriptomes/results/collapsed/HG02698.collapsed.flnc_count.txt
HG02717,/vast/palmer/pi/hall/wl474/projects/hprc_r2/isoform_analysis/GRCh38_no_alt/reconstruct_transcriptomes/results/collapsed/HG02717.collapsed.gff,/vast/palmer/pi/hall/wl474/projects/hprc_r2/isoform_analysis/GRCh38_no_alt/reconstruct_transcriptomes/results/collapsed/HG02717.collapsed.flnc_count.txt
HG02735,/vast/palmer/pi/hall/wl474/projects/hprc_r2/isoform_analysis/GRCh38_no_alt/reconstruct_transcriptomes/results/collapsed/HG02735.collapsed.gff,/vast/palmer/pi/hall/wl474/projects/hprc_r2/isoform_analysis/GRCh38_no_alt/reconstruct_transcriptomes/results/collapsed/HG02735.collapsed.flnc_count.txt
HG02738,/vast/palmer/pi/hall/wl474/projects/hprc_r2/isoform_analysis/GRCh38_no_alt/reconstruct_transcriptomes/results/collapsed/HG02738.collapsed.gff,/vast/palmer/pi/hall/wl474/projects/hprc_r2/isoform_analysis/GRCh38_no_alt/reconstruct_transcriptomes/results/collapsed/HG02738.collapsed.flnc_count.txt
HG02809,/vast/palmer/pi/hall/wl474/projects/hprc_r2/isoform_analysis/GRCh38_no_alt/reconstruct_transcriptomes/results/collapsed/HG02809.collapsed.gff,/vast/palmer/pi/hall/wl474/projects/hprc_r2/isoform_analysis/GRCh38_no_alt/reconstruct_transcriptomes/results/collapsed/HG02809.collapsed.flnc_count.txt
HG02841,/vast/palmer/pi/hall/wl474/projects/hprc_r2/isoform_analysis/GRCh38_no_alt/reconstruct_transcriptomes/results/collapsed/HG02841.collapsed.gff,/vast/palmer/pi/hall/wl474/projects/hprc_r2/isoform_analysis/GRCh38_no_alt/reconstruct_transcriptomes/results/collapsed/HG02841.collapsed.flnc_count.txt
HG02886,/vast/palmer/pi/hall/wl474/projects/hprc_r2/isoform_analysis/GRCh38_no_alt/reconstruct_transcriptomes/results/collapsed/HG02886.collapsed.gff,/vast/palmer/pi/hall/wl474/projects/hprc_r2/isoform_analysis/GRCh38_no_alt/reconstruct_transcriptomes/results/collapsed/HG02886.collapsed.flnc_count.txt
HG02922,/vast/palmer/pi/hall/wl474/projects/hprc_r2/isoform_analysis/GRCh38_no_alt/reconstruct_transcriptomes/results/collapsed/HG02922.collapsed.gff,/vast/palmer/pi/hall/wl474/projects/hprc_r2/isoform_analysis/GRCh38_no_alt/reconstruct_transcriptomes/results/collapsed/HG02922.collapsed.flnc_count.txt
HG02965,/vast/palmer/pi/hall/wl474/projects/hprc_r2/isoform_analysis/GRCh38_no_alt/reconstruct_transcriptomes/results/collapsed/HG02965.collapsed.gff,/vast/palmer/pi/hall/wl474/projects/hprc_r2/isoform_analysis/GRCh38_no_alt/reconstruct_transcriptomes/results/collapsed/HG02965.collapsed.flnc_count.txt
HG02976,/vast/palmer/pi/hall/wl474/projects/hprc_r2/isoform_analysis/GRCh38_no_alt/reconstruct_transcriptomes/results/collapsed/HG02976.collapsed.gff,/vast/palmer/pi/hall/wl474/projects/hprc_r2/isoform_analysis/GRCh38_no_alt/reconstruct_transcriptomes/results/collapsed/HG02976.collapsed.flnc_count.txt
HG02984,/vast/palmer/pi/hall/wl474/projects/hprc_r2/isoform_analysis/GRCh38_no_alt/reconstruct_transcriptomes/results/collapsed/HG02984.collapsed.gff,/vast/palmer/pi/hall/wl474/projects/hprc_r2/isoform_analysis/GRCh38_no_alt/reconstruct_transcriptomes/results/collapsed/HG02984.collapsed.flnc_count.txt
HG03017,/vast/palmer/pi/hall/wl474/projects/hprc_r2/isoform_analysis/GRCh38_no_alt/reconstruct_transcriptomes/results/collapsed/HG03017.collapsed.gff,/vast/palmer/pi/hall/wl474/projects/hprc_r2/isoform_analysis/GRCh38_no_alt/reconstruct_transcriptomes/results/collapsed/HG03017.collapsed.flnc_count.txt
HG03041,/vast/palmer/pi/hall/wl474/projects/hprc_r2/isoform_analysis/GRCh38_no_alt/reconstruct_transcriptomes/results/collapsed/HG03041.collapsed.gff,/vast/palmer/pi/hall/wl474/projects/hprc_r2/isoform_analysis/GRCh38_no_alt/reconstruct_transcriptomes/results/collapsed/HG03041.collapsed.flnc_count.txt
HG03050,/vast/palmer/pi/hall/wl474/projects/hprc_r2/isoform_analysis/GRCh38_no_alt/reconstruct_transcriptomes/results/collapsed/HG03050.collapsed.gff,/vast/palmer/pi/hall/wl474/projects/hprc_r2/isoform_analysis/GRCh38_no_alt/reconstruct_transcriptomes/results/collapsed/HG03050.collapsed.flnc_count.txt
HG03130,/vast/palmer/pi/hall/wl474/projects/hprc_r2/isoform_analysis/GRCh38_no_alt/reconstruct_transcriptomes/results/collapsed/HG03130.collapsed.gff,/vast/palmer/pi/hall/wl474/projects/hprc_r2/isoform_analysis/GRCh38_no_alt/reconstruct_transcriptomes/results/collapsed/HG03130.collapsed.flnc_count.txt
HG03139,/vast/palmer/pi/hall/wl474/projects/hprc_r2/isoform_analysis/GRCh38_no_alt/reconstruct_transcriptomes/results/collapsed/HG03139.collapsed.gff,/vast/palmer/pi/hall/wl474/projects/hprc_r2/isoform_analysis/GRCh38_no_alt/reconstruct_transcriptomes/results/collapsed/HG03139.collapsed.flnc_count.txt
HG03195,/vast/palmer/pi/hall/wl474/projects/hprc_r2/isoform_analysis/GRCh38_no_alt/reconstruct_transcriptomes/results/collapsed/HG03195.collapsed.gff,/vast/palmer/pi/hall/wl474/projects/hprc_r2/isoform_analysis/GRCh38_no_alt/reconstruct_transcriptomes/results/collapsed/HG03195.collapsed.flnc_count.txt
HG03209,/vast/palmer/pi/hall/wl474/projects/hprc_r2/isoform_analysis/GRCh38_no_alt/reconstruct_transcriptomes/results/collapsed/HG03209.collapsed.gff,/vast/palmer/pi/hall/wl474/projects/hprc_r2/isoform_analysis/GRCh38_no_alt/reconstruct_transcriptomes/results/collapsed/HG03209.collapsed.flnc_count.txt
HG03225,/vast/palmer/pi/hall/wl474/projects/hprc_r2/isoform_analysis/GRCh38_no_alt/reconstruct_transcriptomes/results/collapsed/HG03225.collapsed.gff,/vast/palmer/pi/hall/wl474/projects/hprc_r2/isoform_analysis/GRCh38_no_alt/reconstruct_transcriptomes/results/collapsed/HG03225.collapsed.flnc_count.txt
HG03239,/vast/palmer/pi/hall/wl474/projects/hprc_r2/isoform_analysis/GRCh38_no_alt/reconstruct_transcriptomes/results/collapsed/HG03239.collapsed.gff,/vast/palmer/pi/hall/wl474/projects/hprc_r2/isoform_analysis/GRCh38_no_alt/reconstruct_transcriptomes/results/collapsed/HG03239.collapsed.flnc_count.txt
HG03270,/vast/palmer/pi/hall/wl474/projects/hprc_r2/isoform_analysis/GRCh38_no_alt/reconstruct_transcriptomes/results/collapsed/HG03270.collapsed.gff,/vast/palmer/pi/hall/wl474/projects/hprc_r2/isoform_analysis/GRCh38_no_alt/reconstruct_transcriptomes/results/collapsed/HG03270.collapsed.flnc_count.txt
HG03369,/vast/palmer/pi/hall/wl474/projects/hprc_r2/isoform_analysis/GRCh38_no_alt/reconstruct_transcriptomes/results/collapsed/HG03369.collapsed.gff,/vast/palmer/pi/hall/wl474/projects/hprc_r2/isoform_analysis/GRCh38_no_alt/reconstruct_transcriptomes/results/collapsed/HG03369.collapsed.flnc_count.txt
HG03453,/vast/palmer/pi/hall/wl474/projects/hprc_r2/isoform_analysis/GRCh38_no_alt/reconstruct_transcriptomes/results/collapsed/HG03453.collapsed.gff,/vast/palmer/pi/hall/wl474/projects/hprc_r2/isoform_analysis/GRCh38_no_alt/reconstruct_transcriptomes/results/collapsed/HG03453.collapsed.flnc_count.txt
HG03470,/vast/palmer/pi/hall/wl474/projects/hprc_r2/isoform_analysis/GRCh38_no_alt/reconstruct_transcriptomes/results/collapsed/HG03470.collapsed.gff,/vast/palmer/pi/hall/wl474/projects/hprc_r2/isoform_analysis/GRCh38_no_alt/reconstruct_transcriptomes/results/collapsed/HG03470.collapsed.flnc_count.txt
HG03516,/vast/palmer/pi/hall/wl474/projects/hprc_r2/isoform_analysis/GRCh38_no_alt/reconstruct_transcriptomes/results/collapsed/HG03516.collapsed.gff,/vast/palmer/pi/hall/wl474/projects/hprc_r2/isoform_analysis/GRCh38_no_alt/reconstruct_transcriptomes/results/collapsed/HG03516.collapsed.flnc_count.txt
HG03521,/vast/palmer/pi/hall/wl474/projects/hprc_r2/isoform_analysis/GRCh38_no_alt/reconstruct_transcriptomes/results/collapsed/HG03521.collapsed.gff,/vast/palmer/pi/hall/wl474/projects/hprc_r2/isoform_analysis/GRCh38_no_alt/reconstruct_transcriptomes/results/collapsed/HG03521.collapsed.flnc_count.txt
HG03540,/vast/palmer/pi/hall/wl474/projects/hprc_r2/isoform_analysis/GRCh38_no_alt/reconstruct_transcriptomes/results/collapsed/HG03540.collapsed.gff,/vast/palmer/pi/hall/wl474/projects/hprc_r2/isoform_analysis/GRCh38_no_alt/reconstruct_transcriptomes/results/collapsed/HG03540.collapsed.flnc_count.txt
HG03579,/vast/palmer/pi/hall/wl474/projects/hprc_r2/isoform_analysis/GRCh38_no_alt/reconstruct_transcriptomes/results/collapsed/HG03579.collapsed.gff,/vast/palmer/pi/hall/wl474/projects/hprc_r2/isoform_analysis/GRCh38_no_alt/reconstruct_transcriptomes/results/collapsed/HG03579.collapsed.flnc_count.txt
HG03583,/vast/palmer/pi/hall/wl474/projects/hprc_r2/isoform_analysis/GRCh38_no_alt/reconstruct_transcriptomes/results/collapsed/HG03583.collapsed.gff,/vast/palmer/pi/hall/wl474/projects/hprc_r2/isoform_analysis/GRCh38_no_alt/reconstruct_transcriptomes/results/collapsed/HG03583.collapsed.flnc_count.txt
HG03654,/vast/palmer/pi/hall/wl474/projects/hprc_r2/isoform_analysis/GRCh38_no_alt/reconstruct_transcriptomes/results/collapsed/HG03654.collapsed.gff,/vast/palmer/pi/hall/wl474/projects/hprc_r2/isoform_analysis/GRCh38_no_alt/reconstruct_transcriptomes/results/collapsed/HG03654.collapsed.flnc_count.txt
HG03669,/vast/palmer/pi/hall/wl474/projects/hprc_r2/isoform_analysis/GRCh38_no_alt/reconstruct_transcriptomes/results/collapsed/HG03669.collapsed.gff,/vast/palmer/pi/hall/wl474/projects/hprc_r2/isoform_analysis/GRCh38_no_alt/reconstruct_transcriptomes/results/collapsed/HG03669.collapsed.flnc_count.txt
HG03688,/vast/palmer/pi/hall/wl474/projects/hprc_r2/isoform_analysis/GRCh38_no_alt/reconstruct_transcriptomes/results/collapsed/HG03688.collapsed.gff,/vast/palmer/pi/hall/wl474/projects/hprc_r2/isoform_analysis/GRCh38_no_alt/reconstruct_transcriptomes/results/collapsed/HG03688.collapsed.flnc_count.txt
HG03704,/vast/palmer/pi/hall/wl474/projects/hprc_r2/isoform_analysis/GRCh38_no_alt/reconstruct_transcriptomes/results/collapsed/HG03704.collapsed.gff,/vast/palmer/pi/hall/wl474/projects/hprc_r2/isoform_analysis/GRCh38_no_alt/reconstruct_transcriptomes/results/collapsed/HG03704.collapsed.flnc_count.txt
HG03710,/vast/palmer/pi/hall/wl474/projects/hprc_r2/isoform_analysis/GRCh38_no_alt/reconstruct_transcriptomes/results/collapsed/HG03710.collapsed.gff,/vast/palmer/pi/hall/wl474/projects/hprc_r2/isoform_analysis/GRCh38_no_alt/reconstruct_transcriptomes/results/collapsed/HG03710.collapsed.flnc_count.txt
HG03742,/vast/palmer/pi/hall/wl474/projects/hprc_r2/isoform_analysis/GRCh38_no_alt/reconstruct_transcriptomes/results/collapsed/HG03742.collapsed.gff,/vast/palmer/pi/hall/wl474/projects/hprc_r2/isoform_analysis/GRCh38_no_alt/reconstruct_transcriptomes/results/collapsed/HG03742.collapsed.flnc_count.txt
HG03784,/vast/palmer/pi/hall/wl474/projects/hprc_r2/isoform_analysis/GRCh38_no_alt/reconstruct_transcriptomes/results/collapsed/HG03784.collapsed.gff,/vast/palmer/pi/hall/wl474/projects/hprc_r2/isoform_analysis/GRCh38_no_alt/reconstruct_transcriptomes/results/collapsed/HG03784.collapsed.flnc_count.txt
HG03804,/vast/palmer/pi/hall/wl474/projects/hprc_r2/isoform_analysis/GRCh38_no_alt/reconstruct_transcriptomes/results/collapsed/HG03804.collapsed.gff,/vast/palmer/pi/hall/wl474/projects/hprc_r2/isoform_analysis/GRCh38_no_alt/reconstruct_transcriptomes/results/collapsed/HG03804.collapsed.flnc_count.txt
HG03816,/vast/palmer/pi/hall/wl474/projects/hprc_r2/isoform_analysis/GRCh38_no_alt/reconstruct_transcriptomes/results/collapsed/HG03816.collapsed.gff,/vast/palmer/pi/hall/wl474/projects/hprc_r2/isoform_analysis/GRCh38_no_alt/reconstruct_transcriptomes/results/collapsed/HG03816.collapsed.flnc_count.txt
HG03831,/vast/palmer/pi/hall/wl474/projects/hprc_r2/isoform_analysis/GRCh38_no_alt/reconstruct_transcriptomes/results/collapsed/HG03831.collapsed.gff,/vast/palmer/pi/hall/wl474/projects/hprc_r2/isoform_analysis/GRCh38_no_alt/reconstruct_transcriptomes/results/collapsed/HG03831.collapsed.flnc_count.txt
HG03834,/vast/palmer/pi/hall/wl474/projects/hprc_r2/isoform_analysis/GRCh38_no_alt/reconstruct_transcriptomes/results/collapsed/HG03834.collapsed.gff,/vast/palmer/pi/hall/wl474/projects/hprc_r2/isoform_analysis/GRCh38_no_alt/reconstruct_transcriptomes/results/collapsed/HG03834.collapsed.flnc_count.txt
HG03874,/vast/palmer/pi/hall/wl474/projects/hprc_r2/isoform_analysis/GRCh38_no_alt/reconstruct_transcriptomes/results/collapsed/HG03874.collapsed.gff,/vast/palmer/pi/hall/wl474/projects/hprc_r2/isoform_analysis/GRCh38_no_alt/reconstruct_transcriptomes/results/collapsed/HG03874.collapsed.flnc_count.txt
HG03927,/vast/palmer/pi/hall/wl474/projects/hprc_r2/isoform_analysis/GRCh38_no_alt/reconstruct_transcriptomes/results/collapsed/HG03927.collapsed.gff,/vast/palmer/pi/hall/wl474/projects/hprc_r2/isoform_analysis/GRCh38_no_alt/reconstruct_transcriptomes/results/collapsed/HG03927.collapsed.flnc_count.txt
HG03942,/vast/palmer/pi/hall/wl474/projects/hprc_r2/isoform_analysis/GRCh38_no_alt/reconstruct_transcriptomes/results/collapsed/HG03942.collapsed.gff,/vast/palmer/pi/hall/wl474/projects/hprc_r2/isoform_analysis/GRCh38_no_alt/reconstruct_transcriptomes/results/collapsed/HG03942.collapsed.flnc_count.txt
HG04115,/vast/palmer/pi/hall/wl474/projects/hprc_r2/isoform_analysis/GRCh38_no_alt/reconstruct_transcriptomes/results/collapsed/HG04115.collapsed.gff,/vast/palmer/pi/hall/wl474/projects/hprc_r2/isoform_analysis/GRCh38_no_alt/reconstruct_transcriptomes/results/collapsed/HG04115.collapsed.flnc_count.txt
HG04157,/vast/palmer/pi/hall/wl474/projects/hprc_r2/isoform_analysis/GRCh38_no_alt/reconstruct_transcriptomes/results/collapsed/HG04157.collapsed.gff,/vast/palmer/pi/hall/wl474/projects/hprc_r2/isoform_analysis/GRCh38_no_alt/reconstruct_transcriptomes/results/collapsed/HG04157.collapsed.flnc_count.txt
HG04160,/vast/palmer/pi/hall/wl474/projects/hprc_r2/isoform_analysis/GRCh38_no_alt/reconstruct_transcriptomes/results/collapsed/HG04160.collapsed.gff,/vast/palmer/pi/hall/wl474/projects/hprc_r2/isoform_analysis/GRCh38_no_alt/reconstruct_transcriptomes/results/collapsed/HG04160.collapsed.flnc_count.txt
HG04184,/vast/palmer/pi/hall/wl474/projects/hprc_r2/isoform_analysis/GRCh38_no_alt/reconstruct_transcriptomes/results/collapsed/HG04184.collapsed.gff,/vast/palmer/pi/hall/wl474/projects/hprc_r2/isoform_analysis/GRCh38_no_alt/reconstruct_transcriptomes/results/collapsed/HG04184.collapsed.flnc_count.txt
HG04187,/vast/palmer/pi/hall/wl474/projects/hprc_r2/isoform_analysis/GRCh38_no_alt/reconstruct_transcriptomes/results/collapsed/HG04187.collapsed.gff,/vast/palmer/pi/hall/wl474/projects/hprc_r2/isoform_analysis/GRCh38_no_alt/reconstruct_transcriptomes/results/collapsed/HG04187.collapsed.flnc_count.txt
HG04199,/vast/palmer/pi/hall/wl474/projects/hprc_r2/isoform_analysis/GRCh38_no_alt/reconstruct_transcriptomes/results/collapsed/HG04199.collapsed.gff,/vast/palmer/pi/hall/wl474/projects/hprc_r2/isoform_analysis/GRCh38_no_alt/reconstruct_transcriptomes/results/collapsed/HG04199.collapsed.flnc_count.txt
HG04204,/vast/palmer/pi/hall/wl474/projects/hprc_r2/isoform_analysis/GRCh38_no_alt/reconstruct_transcriptomes/results/collapsed/HG04204.collapsed.gff,/vast/palmer/pi/hall/wl474/projects/hprc_r2/isoform_analysis/GRCh38_no_alt/reconstruct_transcriptomes/results/collapsed/HG04204.collapsed.flnc_count.txt
HG04228,/vast/palmer/pi/hall/wl474/projects/hprc_r2/isoform_analysis/GRCh38_no_alt/reconstruct_transcriptomes/results/collapsed/HG04228.collapsed.gff,/vast/palmer/pi/hall/wl474/projects/hprc_r2/isoform_analysis/GRCh38_no_alt/reconstruct_transcriptomes/results/collapsed/HG04228.collapsed.flnc_count.txt
NA18505,/vast/palmer/pi/hall/wl474/projects/hprc_r2/isoform_analysis/GRCh38_no_alt/reconstruct_transcriptomes/results/collapsed/NA18505.collapsed.gff,/vast/palmer/pi/hall/wl474/projects/hprc_r2/isoform_analysis/GRCh38_no_alt/reconstruct_transcriptomes/results/collapsed/NA18505.collapsed.flnc_count.txt
NA18508,/vast/palmer/pi/hall/wl474/projects/hprc_r2/isoform_analysis/GRCh38_no_alt/reconstruct_transcriptomes/results/collapsed/NA18508.collapsed.gff,/vast/palmer/pi/hall/wl474/projects/hprc_r2/isoform_analysis/GRCh38_no_alt/reconstruct_transcriptomes/results/collapsed/NA18508.collapsed.flnc_count.txt
NA18522,/vast/palmer/pi/hall/wl474/projects/hprc_r2/isoform_analysis/GRCh38_no_alt/reconstruct_transcriptomes/results/collapsed/NA18522.collapsed.gff,/vast/palmer/pi/hall/wl474/projects/hprc_r2/isoform_analysis/GRCh38_no_alt/reconstruct_transcriptomes/results/collapsed/NA18522.collapsed.flnc_count.txt
NA18565,/vast/palmer/pi/hall/wl474/projects/hprc_r2/isoform_analysis/GRCh38_no_alt/reconstruct_transcriptomes/results/collapsed/NA18565.collapsed.gff,/vast/palmer/pi/hall/wl474/projects/hprc_r2/isoform_analysis/GRCh38_no_alt/reconstruct_transcriptomes/results/collapsed/NA18565.collapsed.flnc_count.txt
NA18570,/vast/palmer/pi/hall/wl474/projects/hprc_r2/isoform_analysis/GRCh38_no_alt/reconstruct_transcriptomes/results/collapsed/NA18570.collapsed.gff,/vast/palmer/pi/hall/wl474/projects/hprc_r2/isoform_analysis/GRCh38_no_alt/reconstruct_transcriptomes/results/collapsed/NA18570.collapsed.flnc_count.txt
NA18608,/vast/palmer/pi/hall/wl474/projects/hprc_r2/isoform_analysis/GRCh38_no_alt/reconstruct_transcriptomes/results/collapsed/NA18608.collapsed.gff,/vast/palmer/pi/hall/wl474/projects/hprc_r2/isoform_analysis/GRCh38_no_alt/reconstruct_transcriptomes/results/collapsed/NA18608.collapsed.flnc_count.txt
NA18620,/vast/palmer/pi/hall/wl474/projects/hprc_r2/isoform_analysis/GRCh38_no_alt/reconstruct_transcriptomes/results/collapsed/NA18620.collapsed.gff,/vast/palmer/pi/hall/wl474/projects/hprc_r2/isoform_analysis/GRCh38_no_alt/reconstruct_transcriptomes/results/collapsed/NA18620.collapsed.flnc_count.txt
NA18747,/vast/palmer/pi/hall/wl474/projects/hprc_r2/isoform_analysis/GRCh38_no_alt/reconstruct_transcriptomes/results/collapsed/NA18747.collapsed.gff,/vast/palmer/pi/hall/wl474/projects/hprc_r2/isoform_analysis/GRCh38_no_alt/reconstruct_transcriptomes/results/collapsed/NA18747.collapsed.flnc_count.txt
NA18879,/vast/palmer/pi/hall/wl474/projects/hprc_r2/isoform_analysis/GRCh38_no_alt/reconstruct_transcriptomes/results/collapsed/NA18879.collapsed.gff,/vast/palmer/pi/hall/wl474/projects/hprc_r2/isoform_analysis/GRCh38_no_alt/reconstruct_transcriptomes/results/collapsed/NA18879.collapsed.flnc_count.txt
NA18952,/vast/palmer/pi/hall/wl474/projects/hprc_r2/isoform_analysis/GRCh38_no_alt/reconstruct_transcriptomes/results/collapsed/NA18952.collapsed.gff,/vast/palmer/pi/hall/wl474/projects/hprc_r2/isoform_analysis/GRCh38_no_alt/reconstruct_transcriptomes/results/collapsed/NA18952.collapsed.flnc_count.txt
NA18967,/vast/palmer/pi/hall/wl474/projects/hprc_r2/isoform_analysis/GRCh38_no_alt/reconstruct_transcriptomes/results/collapsed/NA18967.collapsed.gff,/vast/palmer/pi/hall/wl474/projects/hprc_r2/isoform_analysis/GRCh38_no_alt/reconstruct_transcriptomes/results/collapsed/NA18967.collapsed.flnc_count.txt
NA18970,/vast/palmer/pi/hall/wl474/projects/hprc_r2/isoform_analysis/GRCh38_no_alt/reconstruct_transcriptomes/results/collapsed/NA18970.collapsed.gff,/vast/palmer/pi/hall/wl474/projects/hprc_r2/isoform_analysis/GRCh38_no_alt/reconstruct_transcriptomes/results/collapsed/NA18970.collapsed.flnc_count.txt
NA18971,/vast/palmer/pi/hall/wl474/projects/hprc_r2/isoform_analysis/GRCh38_no_alt/reconstruct_transcriptomes/results/collapsed/NA18971.collapsed.gff,/vast/palmer/pi/hall/wl474/projects/hprc_r2/isoform_analysis/GRCh38_no_alt/reconstruct_transcriptomes/results/collapsed/NA18971.collapsed.flnc_count.txt
NA18974,/vast/palmer/pi/hall/wl474/projects/hprc_r2/isoform_analysis/GRCh38_no_alt/reconstruct_transcriptomes/results/collapsed/NA18974.collapsed.gff,/vast/palmer/pi/hall/wl474/projects/hprc_r2/isoform_analysis/GRCh38_no_alt/reconstruct_transcriptomes/results/collapsed/NA18974.collapsed.flnc_count.txt
NA18976,/vast/palmer/pi/hall/wl474/projects/hprc_r2/isoform_analysis/GRCh38_no_alt/reconstruct_transcriptomes/results/collapsed/NA18976.collapsed.gff,/vast/palmer/pi/hall/wl474/projects/hprc_r2/isoform_analysis/GRCh38_no_alt/reconstruct_transcriptomes/results/collapsed/NA18976.collapsed.flnc_count.txt
NA18983,/vast/palmer/pi/hall/wl474/projects/hprc_r2/isoform_analysis/GRCh38_no_alt/reconstruct_transcriptomes/results/collapsed/NA18983.collapsed.gff,/vast/palmer/pi/hall/wl474/projects/hprc_r2/isoform_analysis/GRCh38_no_alt/reconstruct_transcriptomes/results/collapsed/NA18983.collapsed.flnc_count.txt
NA19036,/vast/palmer/pi/hall/wl474/projects/hprc_r2/isoform_analysis/GRCh38_no_alt/reconstruct_transcriptomes/results/collapsed/NA19036.collapsed.gff,/vast/palmer/pi/hall/wl474/projects/hprc_r2/isoform_analysis/GRCh38_no_alt/reconstruct_transcriptomes/results/collapsed/NA19036.collapsed.flnc_count.txt
NA19043,/vast/palmer/pi/hall/wl474/projects/hprc_r2/isoform_analysis/GRCh38_no_alt/reconstruct_transcriptomes/results/collapsed/NA19043.collapsed.gff,/vast/palmer/pi/hall/wl474/projects/hprc_r2/isoform_analysis/GRCh38_no_alt/reconstruct_transcriptomes/results/collapsed/NA19043.collapsed.flnc_count.txt
NA19087,/vast/palmer/pi/hall/wl474/projects/hprc_r2/isoform_analysis/GRCh38_no_alt/reconstruct_transcriptomes/results/collapsed/NA19087.collapsed.gff,/vast/palmer/pi/hall/wl474/projects/hprc_r2/isoform_analysis/GRCh38_no_alt/reconstruct_transcriptomes/results/collapsed/NA19087.collapsed.flnc_count.txt
NA19159,/vast/palmer/pi/hall/wl474/projects/hprc_r2/isoform_analysis/GRCh38_no_alt/reconstruct_transcriptomes/results/collapsed/NA19159.collapsed.gff,/vast/palmer/pi/hall/wl474/projects/hprc_r2/isoform_analysis/GRCh38_no_alt/reconstruct_transcriptomes/results/collapsed/NA19159.collapsed.flnc_count.txt
NA19185,/vast/palmer/pi/hall/wl474/projects/hprc_r2/isoform_analysis/GRCh38_no_alt/reconstruct_transcriptomes/results/collapsed/NA19185.collapsed.gff,/vast/palmer/pi/hall/wl474/projects/hprc_r2/isoform_analysis/GRCh38_no_alt/reconstruct_transcriptomes/results/collapsed/NA19185.collapsed.flnc_count.txt
NA19338,/vast/palmer/pi/hall/wl474/projects/hprc_r2/isoform_analysis/GRCh38_no_alt/reconstruct_transcriptomes/results/collapsed/NA19338.collapsed.gff,/vast/palmer/pi/hall/wl474/projects/hprc_r2/isoform_analysis/GRCh38_no_alt/reconstruct_transcriptomes/results/collapsed/NA19338.collapsed.flnc_count.txt
NA19391,/vast/palmer/pi/hall/wl474/projects/hprc_r2/isoform_analysis/GRCh38_no_alt/reconstruct_transcriptomes/results/collapsed/NA19391.collapsed.gff,/vast/palmer/pi/hall/wl474/projects/hprc_r2/isoform_analysis/GRCh38_no_alt/reconstruct_transcriptomes/results/collapsed/NA19391.collapsed.flnc_count.txt
NA19443,/vast/palmer/pi/hall/wl474/projects/hprc_r2/isoform_analysis/GRCh38_no_alt/reconstruct_transcriptomes/results/collapsed/NA19443.collapsed.gff,/vast/palmer/pi/hall/wl474/projects/hprc_r2/isoform_analysis/GRCh38_no_alt/reconstruct_transcriptomes/results/collapsed/NA19443.collapsed.flnc_count.txt
NA19468,/vast/palmer/pi/hall/wl474/projects/hprc_r2/isoform_analysis/GRCh38_no_alt/reconstruct_transcriptomes/results/collapsed/NA19468.collapsed.gff,/vast/palmer/pi/hall/wl474/projects/hprc_r2/isoform_analysis/GRCh38_no_alt/reconstruct_transcriptomes/results/collapsed/NA19468.collapsed.flnc_count.txt
NA19682,/vast/palmer/pi/hall/wl474/projects/hprc_r2/isoform_analysis/GRCh38_no_alt/reconstruct_transcriptomes/results/collapsed/NA19682.collapsed.gff,/vast/palmer/pi/hall/wl474/projects/hprc_r2/isoform_analysis/GRCh38_no_alt/reconstruct_transcriptomes/results/collapsed/NA19682.collapsed.flnc_count.txt
NA19700,/vast/palmer/pi/hall/wl474/projects/hprc_r2/isoform_analysis/GRCh38_no_alt/reconstruct_transcriptomes/results/collapsed/NA19700.collapsed.gff,/vast/palmer/pi/hall/wl474/projects/hprc_r2/isoform_analysis/GRCh38_no_alt/reconstruct_transcriptomes/results/collapsed/NA19700.collapsed.flnc_count.txt
NA19776,/vast/palmer/pi/hall/wl474/projects/hprc_r2/isoform_analysis/GRCh38_no_alt/reconstruct_transcriptomes/results/collapsed/NA19776.collapsed.gff,/vast/palmer/pi/hall/wl474/projects/hprc_r2/isoform_analysis/GRCh38_no_alt/reconstruct_transcriptomes/results/collapsed/NA19776.collapsed.flnc_count.txt
NA19835,/vast/palmer/pi/hall/wl474/projects/hprc_r2/isoform_analysis/GRCh38_no_alt/reconstruct_transcriptomes/results/collapsed/NA19835.collapsed.gff,/vast/palmer/pi/hall/wl474/projects/hprc_r2/isoform_analysis/GRCh38_no_alt/reconstruct_transcriptomes/results/collapsed/NA19835.collapsed.flnc_count.txt
NA19909,/vast/palmer/pi/hall/wl474/projects/hprc_r2/isoform_analysis/GRCh38_no_alt/reconstruct_transcriptomes/results/collapsed/NA19909.collapsed.gff,/vast/palmer/pi/hall/wl474/projects/hprc_r2/isoform_analysis/GRCh38_no_alt/reconstruct_transcriptomes/results/collapsed/NA19909.collapsed.flnc_count.txt
NA20282,/vast/palmer/pi/hall/wl474/projects/hprc_r2/isoform_analysis/GRCh38_no_alt/reconstruct_transcriptomes/results/collapsed/NA20282.collapsed.gff,/vast/palmer/pi/hall/wl474/projects/hprc_r2/isoform_analysis/GRCh38_no_alt/reconstruct_transcriptomes/results/collapsed/NA20282.collapsed.flnc_count.txt
NA20346,/vast/palmer/pi/hall/wl474/projects/hprc_r2/isoform_analysis/GRCh38_no_alt/reconstruct_transcriptomes/results/collapsed/NA20346.collapsed.gff,/vast/palmer/pi/hall/wl474/projects/hprc_r2/isoform_analysis/GRCh38_no_alt/reconstruct_transcriptomes/results/collapsed/NA20346.collapsed.flnc_count.txt
NA20503,/vast/palmer/pi/hall/wl474/projects/hprc_r2/isoform_analysis/GRCh38_no_alt/reconstruct_transcriptomes/results/collapsed/NA20503.collapsed.gff,/vast/palmer/pi/hall/wl474/projects/hprc_r2/isoform_analysis/GRCh38_no_alt/reconstruct_transcriptomes/results/collapsed/NA20503.collapsed.flnc_count.txt
NA20752,/vast/palmer/pi/hall/wl474/projects/hprc_r2/isoform_analysis/GRCh38_no_alt/reconstruct_transcriptomes/results/collapsed/NA20752.collapsed.gff,/vast/palmer/pi/hall/wl474/projects/hprc_r2/isoform_analysis/GRCh38_no_alt/reconstruct_transcriptomes/results/collapsed/NA20752.collapsed.flnc_count.txt
NA20762,/vast/palmer/pi/hall/wl474/projects/hprc_r2/isoform_analysis/GRCh38_no_alt/reconstruct_transcriptomes/results/collapsed/NA20762.collapsed.gff,/vast/palmer/pi/hall/wl474/projects/hprc_r2/isoform_analysis/GRCh38_no_alt/reconstruct_transcriptomes/results/collapsed/NA20762.collapsed.flnc_count.txt
NA20799,/vast/palmer/pi/hall/wl474/projects/hprc_r2/isoform_analysis/GRCh38_no_alt/reconstruct_transcriptomes/results/collapsed/NA20799.collapsed.gff,/vast/palmer/pi/hall/wl474/projects/hprc_r2/isoform_analysis/GRCh38_no_alt/reconstruct_transcriptomes/results/collapsed/NA20799.collapsed.flnc_count.txt
NA20805,/vast/palmer/pi/hall/wl474/projects/hprc_r2/isoform_analysis/GRCh38_no_alt/reconstruct_transcriptomes/results/collapsed/NA20805.collapsed.gff,/vast/palmer/pi/hall/wl474/projects/hprc_r2/isoform_analysis/GRCh38_no_alt/reconstruct_transcriptomes/results/collapsed/NA20805.collapsed.flnc_count.txt
NA20806,/vast/palmer/pi/hall/wl474/projects/hprc_r2/isoform_analysis/GRCh38_no_alt/reconstruct_transcriptomes/results/collapsed/NA20806.collapsed.gff,/vast/palmer/pi/hall/wl474/projects/hprc_r2/isoform_analysis/GRCh38_no_alt/reconstruct_transcriptomes/results/collapsed/NA20806.collapsed.flnc_count.txt
NA20809,/vast/palmer/pi/hall/wl474/projects/hprc_r2/isoform_analysis/GRCh38_no_alt/reconstruct_transcriptomes/results/collapsed/NA20809.collapsed.gff,/vast/palmer/pi/hall/wl474/projects/hprc_r2/isoform_analysis/GRCh38_no_alt/reconstruct_transcriptomes/results/collapsed/NA20809.collapsed.flnc_count.txt
NA20827,/vast/palmer/pi/hall/wl474/projects/hprc_r2/isoform_analysis/GRCh38_no_alt/reconstruct_transcriptomes/results/collapsed/NA20827.collapsed.gff,/vast/palmer/pi/hall/wl474/projects/hprc_r2/isoform_analysis/GRCh38_no_alt/reconstruct_transcriptomes/results/collapsed/NA20827.collapsed.flnc_count.txt
NA20850,/vast/palmer/pi/hall/wl474/projects/hprc_r2/isoform_analysis/GRCh38_no_alt/reconstruct_transcriptomes/results/collapsed/NA20850.collapsed.gff,/vast/palmer/pi/hall/wl474/projects/hprc_r2/isoform_analysis/GRCh38_no_alt/reconstruct_transcriptomes/results/collapsed/NA20850.collapsed.flnc_count.txt
NA20870,/vast/palmer/pi/hall/wl474/projects/hprc_r2/isoform_analysis/GRCh38_no_alt/reconstruct_transcriptomes/results/collapsed/NA20870.collapsed.gff,/vast/palmer/pi/hall/wl474/projects/hprc_r2/isoform_analysis/GRCh38_no_alt/reconstruct_transcriptomes/results/collapsed/NA20870.collapsed.flnc_count.txt
NA20905,/vast/palmer/pi/hall/wl474/projects/hprc_r2/isoform_analysis/GRCh38_no_alt/reconstruct_transcriptomes/results/collapsed/NA20905.collapsed.gff,/vast/palmer/pi/hall/wl474/projects/hprc_r2/isoform_analysis/GRCh38_no_alt/reconstruct_transcriptomes/results/collapsed/NA20905.collapsed.flnc_count.txt
NA21093,/vast/palmer/pi/hall/wl474/projects/hprc_r2/isoform_analysis/GRCh38_no_alt/reconstruct_transcriptomes/results/collapsed/NA21093.collapsed.gff,/vast/palmer/pi/hall/wl474/projects/hprc_r2/isoform_analysis/GRCh38_no_alt/reconstruct_transcriptomes/results/collapsed/NA21093.collapsed.flnc_count.txt
NA21102,/vast/palmer/pi/hall/wl474/projects/hprc_r2/isoform_analysis/GRCh38_no_alt/reconstruct_transcriptomes/results/collapsed/NA21102.collapsed.gff,/vast/palmer/pi/hall/wl474/projects/hprc_r2/isoform_analysis/GRCh38_no_alt/reconstruct_transcriptomes/results/collapsed/NA21102.collapsed.flnc_count.txt
NA21106,/vast/palmer/pi/hall/wl474/projects/hprc_r2/isoform_analysis/GRCh38_no_alt/reconstruct_transcriptomes/results/collapsed/NA21106.collapsed.gff,/vast/palmer/pi/hall/wl474/projects/hprc_r2/isoform_analysis/GRCh38_no_alt/reconstruct_transcriptomes/results/collapsed/NA21106.collapsed.flnc_count.txt
NA21110,/vast/palmer/pi/hall/wl474/projects/hprc_r2/isoform_analysis/GRCh38_no_alt/reconstruct_transcriptomes/results/collapsed/NA21110.collapsed.gff,/vast/palmer/pi/hall/wl474/projects/hprc_r2/isoform_analysis/GRCh38_no_alt/reconstruct_transcriptomes/results/collapsed/NA21110.collapsed.flnc_count.txt
NA21144,/vast/palmer/pi/hall/wl474/projects/hprc_r2/isoform_analysis/GRCh38_no_alt/reconstruct_transcriptomes/results/collapsed/NA21144.collapsed.gff,/vast/palmer/pi/hall/wl474/projects/hprc_r2/isoform_analysis/GRCh38_no_alt/reconstruct_transcriptomes/results/collapsed/NA21144.collapsed.flnc_count.txt
